titulo,empresa,localizacao,data_coleta
Analista de Dados Sênior,Proativa RH,"São Paulo / SP
              



                      A empresa aceita candidaturas de São Paulo e cidades próximas",2025-07-18
Analista de Dados (Databricks),TO Brasil Consultoria em Tecnologia da Informação,"São Paulo / SP
              



                      A empresa aceita apenas candidaturas de São Paulo",2025-07-18
Analista Ciência de Dados I,Universidade Anhembi Morumbi,N/A,2025-07-18
10872 - Analista de Banco de Dados Sênior,Confidencial,N/A,2025-07-18
Analista de Dados e Performance,Universia,N/A,2025-07-18
Analista Planejamento e Informacoes Pl (Analista de Dados),SulAmérica,"São Paulo / SP
              



                      A empresa aceita candidaturas de São Paulo e cidades próximas",2025-07-18
Analista de Dados e Melhorias - Prevenção e Perdas,Mercado Livre,"São Paulo / SP
              



                      A empresa aceita candidaturas de São Paulo e cidades próximas",2025-07-18
Analista Sr - Qualidade (Gestão de Dados) - Corporativo SP,Rede D'Or,"São Paulo / SP
              



                      A empresa aceita candidaturas de qualquer cidade do Brasil",2025-07-18
Analista de B.i - Sênior,Convergint Brasil,"São Paulo / SP
              



                      A empresa aceita apenas candidaturas de São Paulo",2025-07-18
Analista de Sistemas Pl,Marjan Farma,"São Paulo / SP
              



                      A empresa aceita candidaturas de São Paulo e cidades próximas",2025-07-18
Analista de Remuneração,ASSAÍ ATACADISTA,"São Paulo / SP
              



                      A empresa aceita candidaturas de São Paulo e cidades próximas",2025-07-18
Analista - Excel,Confidencial,"São Paulo / SP
              



                      A empresa aceita candidaturas de São Paulo e cidades próximas",2025-07-18
Analista de Geoprocessamento Jr - 044249,Fundepag,"São Paulo / SP
              



                      A empresa aceita candidaturas de São Paulo e cidades próximas",2025-07-18
Analista de Projetos Jr,União Química Farmacêutica Nacional S/A,"São Paulo / SP
              



                      A empresa aceita candidaturas de São Paulo e cidades próximas",2025-07-18
Analista de Orçamento Júnior,Pacaembu Construtora,"São Paulo / SP
              



                      A empresa aceita candidaturas de São Paulo e cidades próximas",2025-07-18
10856 - Analista de Faturamento,Talent Group,"São Paulo / SP
              



                      A empresa aceita apenas candidaturas de São Paulo",2025-07-18
10864 - Analista de Faturamento,Talent Group,"São Paulo / SP
              



                      A empresa aceita apenas candidaturas de São Paulo",2025-07-18
Analista Administrativo Jr.,Confidencial,"São Paulo / SP
              



                      A empresa aceita apenas candidaturas de São Paulo",2025-07-18
Analista de Estatistica,JOBCENTER DO BRASIL LTDA,"São Paulo / SP
              



                      A empresa aceita candidaturas de São Paulo e cidades próximas",2025-07-18
Analista Financeiro,J&T Express,"São Paulo / SP
              



                      A empresa aceita candidaturas de São Paulo e cidades próximas",2025-07-18
Analista Fiscal,Synchro,"São Paulo / SP
              



                      A empresa aceita candidaturas de qualquer cidade do Brasil",2025-07-18
Analista de Controladoria Pleno,Confidencial,"São Paulo / SP
              



                      A empresa aceita candidaturas de São Paulo e cidades próximas",2025-07-18
Analista de Custos Pleno,Confidencial,"São Paulo / SP
              



                      A empresa aceita candidaturas de São Paulo e cidades próximas",2025-07-18
Analista Acadêmico I,Ânima,N/A,2025-07-18
Analista de Seop Sr,União Química Farmacêutica Nacional S/A,"São Paulo / SP
              



                      A empresa aceita candidaturas de São Paulo e cidades próximas",2025-07-18
Analista de Controladoria Sênior,hcor,"São Paulo / SP
              



                      A empresa aceita candidaturas de São Paulo e cidades próximas",2025-07-18
Analista de Seop Pleno,União Química Farmacêutica Nacional S/A,"São Paulo / SP
              



                      A empresa aceita apenas candidaturas de São Paulo",2025-07-18
Analista Financeiro,Confidencial,"São Paulo / SP
              



                      A empresa aceita candidaturas de São Paulo e cidades próximas",2025-07-18
Analista de PCP Jr,Confidencial,"São Paulo / SP
              



                      A empresa aceita candidaturas de São Paulo e cidades próximas",2025-07-18
Analista de Marketing II,Confidencial,"São Paulo / SP
              



                      A empresa aceita candidaturas de São Paulo e cidades próximas",2025-07-18
Analista Contábil,Grupo SERES,"São Paulo / SP
              



                      A empresa aceita candidaturas de São Paulo e cidades próximas",2025-07-18
Analista de Sistemas,J&T Express,"São Paulo / SP
              



                      A empresa aceita candidaturas de São Paulo e cidades próximas",2025-07-18
Analista Fiscal Sr,Marjan Farma,"São Paulo / SP
              



                      A empresa aceita candidaturas de São Paulo e cidades próximas",2025-07-18
Analista Comercial,Syntegon Telstar Brasil,"São Paulo / SP
              



                      A empresa aceita candidaturas de São Paulo e cidades próximas",2025-07-18
Analista de Qualidade,ConVeyBelts,"São Paulo / SP
              



                      A empresa aceita candidaturas de São Paulo e cidades próximas",2025-07-18
Analista de Marketing,Pacaembu Construtora,"São Paulo / SP
              



                      A empresa aceita candidaturas de São Paulo e cidades próximas",2025-07-18
Analista de Processos Sênior,The Adecco Group,"São Paulo / SP
              



                      A empresa aceita candidaturas de São Paulo e cidades próximas",2025-07-18
Analista de Ssma Pleno,Confidencial,"São Paulo / SP
              



                      A empresa aceita candidaturas de São Paulo e cidades próximas",2025-07-18
Analista de Ouvidoria II,Grupo Fleury,"São Paulo / SP
              



                      A empresa aceita candidaturas de São Paulo e cidades próximas",2025-07-18
Analista Custos Sênior,hcor,"São Paulo / SP
              



                      A empresa aceita candidaturas de São Paulo e cidades próximas",2025-07-18
Analista de Marketing III,Confidencial,"São Paulo / SP
              



                      A empresa aceita candidaturas de São Paulo e cidades próximas",2025-07-18
Analista Bi Pleno -  Inspirali,Inspirali,"São Paulo / SP
              



                      A empresa aceita candidaturas de São Paulo e cidades próximas",2025-07-18
Analista de Folha de Pagamento Sr,KGS - Kidde Global Solutions,"São Paulo / SP
              



                      A empresa aceita candidaturas de São Paulo e cidades próximas",2025-07-18
Analista de Inteligência Comercial,Confidencial,"São Paulo / SP
              



                      A empresa aceita candidaturas de São Paulo e cidades próximas",2025-07-18
Analista de Operações | Telemetria,JOBCENTER DO BRASIL LTDA,"São Paulo / SP
              



                      A empresa aceita candidaturas de São Paulo e cidades próximas",2025-07-18
Analista de Mercado Financeiro I,EDITORA GLOBO,"São Paulo / SP
              



                      A empresa aceita candidaturas de São Paulo e cidades próximas",2025-07-18
Analista de Processos Comerciais Sênior,Melitta South America,"São Paulo / SP
              



                      A empresa aceita candidaturas de São Paulo e cidades próximas",2025-07-18
Analista de Expansão de Franquias,Cultura Inglesa,"São Paulo / SP
              



                      A empresa aceita candidaturas de qualquer cidade do Brasil",2025-07-18
10863 - Analista de Finanças e Contabilidade Pl,Talent Group,"São Paulo / SP
              



                      A empresa aceita apenas candidaturas de São Paulo",2025-07-18
Analista de Integrações Tasy,Hospital São Camilo,"São Paulo / SP
              



                      A empresa aceita candidaturas de São Paulo e cidades próximas",2025-07-18
Analista de Inteligência Comercial Pleno,União Química Farmacêutica Nacional S/A,"São Paulo / SP
              



                      A empresa aceita candidaturas de São Paulo e cidades próximas",2025-07-18
Analista de PMO Sr - Produtos,Marjan Farma,"São Paulo / SP
              



                      A empresa aceita candidaturas de qualquer cidade do Brasil",2025-07-18
Analista de Planejamento Comercial,Manpower,"São Paulo / SP
              



                      A empresa aceita candidaturas de São Paulo e cidades próximas",2025-07-18
Analista Folha de Pagamento Sr,KGS - Kidde Global Solutions,"São Paulo / SP
              



                      A empresa aceita candidaturas de São Paulo e cidades próximas",2025-07-18
Analista de Novos Negócios Pl.,Marjan Farma,"São Paulo / SP
              



                      A empresa aceita candidaturas de qualquer cidade do Brasil",2025-07-18
Analista de Sales Operations Sênior,B&P Desenvolvimento Humano,"São Paulo / SP
              



                      A empresa aceita candidaturas de São Paulo e cidades próximas",2025-07-18
Analista de SAP Pm,Confidencial,"São Paulo / SP
              



                      A empresa aceita candidaturas de São Paulo e cidades próximas",2025-07-18
10867 - Analista de Governança de TI,Talent Group,"São Paulo / SP
              



                      A empresa aceita apenas candidaturas de São Paulo",2025-07-18
Analista de Operações de Loja,Confidencial,"São Paulo / SP
              



                      A empresa aceita apenas candidaturas de São Paulo",2025-07-18
10861 - Analista Desenvolvedor Fullstack,Talent Group,"São Paulo / SP
              



                      A empresa aceita candidaturas de São Paulo e cidades próximas",2025-07-18
Analista de Operações Comerciais III,Confidencial,"São Paulo / SP
              



                      A empresa aceita candidaturas de São Paulo e cidades próximas",2025-07-18
Analista de Compras (Capex),ASSAÍ ATACADISTA,"São Paulo / SP
              



                      A empresa aceita candidaturas de São Paulo e cidades próximas",2025-07-18
Analista de Controles Internos II,JOBCENTER DO BRASIL LTDA,"São Paulo / SP
              



                      A empresa aceita candidaturas de São Paulo e cidades próximas",2025-07-18
Analista de Melhoria Contínua Pleno,DHL Express,"São Paulo / SP
              



                      A empresa aceita candidaturas de São Paulo e cidades próximas",2025-07-18
Analista de Custos (FP&A),Zambon,"São Paulo / SP
              



                      A empresa aceita candidaturas de São Paulo e cidades próximas",2025-07-18
Analista de Qualidade e Desenvolvimento III,Cultura Inglesa,"São Paulo / SP
              



                      A empresa aceita candidaturas de São Paulo e cidades próximas",2025-07-18
Analista de Recursos Humanos,Azevedo & Travassos S/A pela subsidiária Heftos,"São Paulo / SP
              



                      A empresa aceita candidaturas de São Paulo e cidades próximas",2025-07-18
Analista de Logística e Distribuição Jr,The Adecco Group,"São Paulo / SP
              



                      A empresa aceita candidaturas de São Paulo e cidades próximas",2025-07-18
Analista de Inteligência de Mercado Pl,Marjan Farma,"São Paulo / SP
              



                      A empresa aceita candidaturas de São Paulo e cidades próximas",2025-07-18
Analista Apoio Vendas Pl,SulAmérica,"São Paulo / SP
              



                      A empresa aceita candidaturas de São Paulo e cidades próximas",2025-07-18
Analista de Fundos (Passivo),Ativa Investimentos,"São Paulo / SP
              



                      A empresa aceita candidaturas de qualquer cidade do Brasil",2025-07-18
Analista de Administração Pessoal Jr,Confidencial,"São Paulo / SP
              



                      A empresa aceita candidaturas de qualquer cidade do Brasil",2025-07-18
Analista de Departamento Pessoal,Amigos do Bem,"São Paulo / SP
              



                      A empresa aceita apenas candidaturas de São Paulo",2025-07-18
Analista de Excelência em Processos Jr,Marjan Farma,"São Paulo / SP
              



                      A empresa aceita candidaturas de qualquer cidade do Brasil",2025-07-18
Analista Relacionamento Prestadores Jr,SulAmérica,"São Paulo / SP
              



                      A empresa aceita candidaturas de São Paulo e cidades próximas",2025-07-18
Analista de Marketing Digital Pl,Marjan Farma,"São Paulo / SP
              



                      A empresa aceita candidaturas de São Paulo e cidades próximas",2025-07-18
Analista Médico Científico Sr,Marjan Farma,"São Paulo / SP
              



                      A empresa aceita candidaturas de São Paulo e cidades próximas",2025-07-18
Analista de Finanças (Pricing),Wella Company,"São Paulo / SP
              



                      A empresa aceita candidaturas de qualquer cidade do Brasil",2025-07-18
Analista de Facilities - Bilíngue,Cushman,"São Paulo / SP
              



                      A empresa aceita candidaturas de São Paulo e cidades próximas",2025-07-18
Analista Segurança da Informação,NISSIN FOODS DO BRASIL LTDA.,"São Paulo / SP
              



                      A empresa aceita candidaturas de São Paulo e cidades próximas",2025-07-18
Analista de Processos e Qualidade II,Ânima,N/A,2025-07-18
Analista de Planejamento de S&OE(Demanda),Selpe,"São Paulo / SP
              



                      A empresa aceita candidaturas de São Paulo e cidades próximas",2025-07-18
Analista de Experiência do Cliente (Cx),Zubale,"São Paulo / SP
              



                      A empresa aceita candidaturas de qualquer cidade do Brasil",2025-07-18
Analista Garantia Qualidade Pl - Fábrica,Marjan Farma,"São Paulo / SP
              



                      A empresa aceita candidaturas de qualquer cidade do Brasil",2025-07-18
Analista de Planejamento de Canais Digitais III,Ânima,"São Paulo / SP
              



                      A empresa aceita candidaturas de qualquer cidade do Brasil",2025-07-18
Analista Financeiro Jr - Foco em Crédito,Galvani Fertilizantes,"São Paulo / SP
              



                      A empresa aceita candidaturas de São Paulo e cidades próximas",2025-07-18
Analista Bioinformata Pl (Genesis Genomics),Grupo Fleury,N/A,2025-07-18
Analista Jr Backoffice Comercial,Elera Renováveis,"São Paulo / SP
              



                      A empresa aceita candidaturas de São Paulo e cidades próximas",2025-07-18
Analista de Marketing Pleno (Inteligência Comercial),HD Hyundai Construction Equipment Brazil,"São Paulo / SP
              



                      A empresa aceita apenas candidaturas de São Paulo",2025-07-18
Analista Bioinformata Jr (Genesis Genomics),Grupo Fleury,"São Paulo / SP
              



                      A empresa aceita candidaturas de qualquer cidade do Brasil",2025-07-18
Analista de Qualidade em Pesquisa Clínica Sr,FFM,"São Paulo / SP
              



                      A empresa aceita candidaturas de qualquer cidade do Brasil",2025-07-18
Analista de Planejamento Financeiro (FP&A) Sr.,Nexta Distribuidora,"São Paulo / SP
              



                      A empresa aceita candidaturas de São Paulo e cidades próximas",2025-07-18
Analista de Negócios Sr - Tasy (Sistemas),Hospital São Camilo,"São Paulo / SP
              



                      A empresa aceita candidaturas de São Paulo e cidades próximas",2025-07-18
Analista de Comunicação Interna - Sênior (Temporária),Grupo Nortearh,"São Paulo / SP
              



                      A empresa aceita candidaturas de São Paulo e cidades próximas",2025-07-18
Analista de Validação Sr - Processos e Limpeza,Confidencial,"São Paulo / SP
              



                      A empresa aceita candidaturas de qualquer cidade do Brasil",2025-07-18
Pessoa Analista Planejamento Financeiro Sr.,Natulab,"São Paulo / SP
              



                      A empresa aceita candidaturas de São Paulo e cidades próximas",2025-07-18
Analista Sênior de Planejamento e Controle Financeiro,Greenpeace Brasil,"São Paulo / SP
              



                      A empresa aceita candidaturas de São Paulo e cidades próximas",2025-07-18
Analista Logistica Pl - Planejamento Materiais,LEGRAND BRASIL LTDA,"São Paulo / SP
              



                      A empresa aceita candidaturas de São Paulo e cidades próximas",2025-07-18
"Analista de Informações Gerenciais Pleno - Morumbi, SP",Confidencial,"São Paulo / SP
              



                      A empresa aceita apenas candidaturas de São Paulo",2025-07-18
Analista Sênior de Custos de RH e Indicadores,Confidencial,"São Paulo / SP
              



                      A empresa aceita candidaturas de São Paulo e cidades próximas",2025-07-18
Analista de Rhc (Registro Hospitalar/Same),GRAACC,"São Paulo / SP
              



                      A empresa aceita candidaturas de São Paulo e cidades próximas",2025-07-18
Analista de Melhoria Contínua (Genesis Genomics),Grupo Fleury,"São Paulo / SP
              



                      A empresa aceita candidaturas de São Paulo e cidades próximas",2025-07-18
Analista de Gestão e Operações de Fundos de Investimento Pleno,Ecoagro,"São Paulo / SP
              



                      A empresa aceita candidaturas de São Paulo e cidades próximas",2025-07-18
Analista de Planejamento Jr - Ghm Estratégico - Corporativo SP,Rede D'Or,"São Paulo / SP
              



                      A empresa aceita candidaturas de São Paulo e cidades próximas",2025-07-18
Analista de RH Jr - RH - Guarulhos,Rede D'Or,"São Paulo / SP
              



                      A empresa aceita candidaturas de São Paulo e cidades próximas",2025-07-18
Analista de Laboratório - Laboratório Hospital - Anália Franco,Rede D'Or,"São Paulo / SP
              



                      A empresa aceita candidaturas de São Paulo e cidades próximas",2025-07-18
"Analista de Suprimentos Sênior - Pinheiros, SP (Segmento Hospitalar)",Confidencial,"São Paulo / SP
              



                      A empresa aceita apenas candidaturas de São Paulo",2025-07-18
Analista Suporte TI Sênior (  Field Service) - Inspirali SP,Inspirali,"São Paulo / SP
              



                      A empresa aceita candidaturas de São Paulo e cidades próximas",2025-07-18
Analista de Inteligência Comercial -  Vaga Exclusiva para Pessoas com Deficiência,GERDAU,"São Paulo / SP
              



                      A empresa aceita candidaturas de São Paulo e cidades próximas",2025-07-18
Analista Contábil Sênior Bilíngue - Vaga Afirmativa Também para o Público Pcd - 95029,Manpower,"São Paulo / SP
              



                      A empresa aceita candidaturas de São Paulo e cidades próximas",2025-07-18
Analista de TI - Segurança Cibernética ((VAGA Extensiva para Pessoas com Deficiência),Confidencial,"São Paulo / SP
              



                      A empresa aceita candidaturas de São Paulo e cidades próximas",2025-07-18
Engenheiro(a) de Manutenção e Confiabilidade Sr. - São Paulo / SP,InterCement Brasil S.A,"São Paulo / SP
              



                      A empresa aceita candidaturas de qualquer cidade do Brasil",2025-07-18
