titulo,empresa,localizacao,salario,data_coleta,fonte
Analista de Dados Sênior,Proativa RH,"São Paulo / SP
              



                      A empresa aceita candidaturas de São Paulo e cidades próximas",A combinar,2025-07-19,Vagas.com
Analista de Dados Financeiros,Confidencial,"Rio de Janeiro / RJ
              



                      A empresa aceita candidaturas de qualquer cidade do Brasil",A combinar,2025-07-19,Vagas.com
Analista de Dados (Databricks),TO Brasil Consultoria em Tecnologia da Informação,"São Paulo / SP
              



                      A empresa aceita apenas candidaturas de São Paulo",A combinar,2025-07-19,Vagas.com
Analista de Dados Pleno / Senior - TI,Epimed Solutions,,A combinar,2025-07-19,Vagas.com
Analista de Dados Sr - Bi,OceanPact Serviços Maritimos S.A,"Rio de Janeiro / RJ
              



                      A empresa aceita candidaturas de Rio de Janeiro e cidades próximas",A combinar,2025-07-19,Vagas.com
Analista de Privacidade de Dados Sênior,iestro,"São Bernardo do Campo / SP
              



                      A empresa aceita candidaturas de São Bernardo do Campo e cidades próximas",A combinar,2025-07-19,Vagas.com
10872 - Analista de Banco de Dados Sênior,Confidencial,,A combinar,2025-07-19,Vagas.com
Analista Ciência de Dados I,Universidade Anhembi Morumbi,,A combinar,2025-07-19,Vagas.com
Analista Planejamento e Informacoes Pl (Analista de Dados),SulAmérica,"São Paulo / SP
              



                      A empresa aceita candidaturas de São Paulo e cidades próximas",A combinar,2025-07-19,Vagas.com
Analista de Dados (Gestao Sinistros Pl),SulAmérica,"São Paulo / SP
              



                      A empresa aceita candidaturas de São Paulo e cidades próximas",A combinar,2025-07-19,Vagas.com
Analista Sr - Qualidade (Gestão de Dados) - Corporativo SP,Rede D'Or,"São Paulo / SP
              



                      A empresa aceita candidaturas de qualquer cidade do Brasil",A combinar,2025-07-19,Vagas.com
Analista Sr - Qualidade (Gestão de Dados) - Corporativo RJ,Rede D'Or,"Rio de Janeiro / RJ
              



                      A empresa aceita candidaturas de qualquer cidade do Brasil",A combinar,2025-07-19,Vagas.com
Analista de Dados (VAGA Extensiva para Pessoas com Deficiência),Concremat,"Itabira / MG
              



                      A empresa aceita candidaturas de Itabira e cidades próximas",A combinar,2025-07-19,Vagas.com
Analista Sr / Analista de Dados  - Serviços Compartilhados PE - Hospital Esperança Recife,Rede D'Or,"Recife / PE
              



                      A empresa aceita candidaturas de Recife e cidades próximas",A combinar,2025-07-19,Vagas.com
Analista de B.i - Sênior,Convergint Brasil,"São Paulo / SP
              



                      A empresa aceita apenas candidaturas de São Paulo",A combinar,2025-07-19,Vagas.com
Analista de Sistemas Pl,Marjan Farma,"São Paulo / SP
              



                      A empresa aceita candidaturas de São Paulo e cidades próximas",A combinar,2025-07-19,Vagas.com
Analista de Sistemas,Grupo Nortearh,"Belo Horizonte / MG
              



                      A empresa aceita candidaturas de Belo Horizonte e cidades próximas",A combinar,2025-07-19,Vagas.com
Analista de Remuneração,ASSAÍ ATACADISTA,"São Paulo / SP
              



                      A empresa aceita candidaturas de São Paulo e cidades próximas",A combinar,2025-07-19,Vagas.com
Analista - Excel,Confidencial,"São Paulo / SP
              



                      A empresa aceita candidaturas de São Paulo e cidades próximas",A combinar,2025-07-19,Vagas.com
Analista de Pricing,Charlie Tecnologia e Acomodações,"São Paulo / SP
              



                      A empresa aceita candidaturas de qualquer cidade do Brasil",A combinar,2025-07-19,Vagas.com
Analista de Projetos - 026450,Lyon Engenharia,"Nova Lima / MG
              



                      A empresa aceita candidaturas de Nova Lima e cidades próximas",A combinar,2025-07-19,Vagas.com
Analista de TI,Canal Rural Produções,"São Paulo / SP
              



                      A empresa aceita candidaturas de São Paulo e cidades próximas",A combinar,2025-07-19,Vagas.com
Analista de Geoprocessamento Jr - 044249,Fundepag,"São Paulo / SP
              



                      A empresa aceita candidaturas de São Paulo e cidades próximas",A combinar,2025-07-19,Vagas.com
Analista de Marketing,Confidencial,"Jaboticabal / SP
              



                      A empresa aceita candidaturas de Jaboticabal e cidades próximas",A combinar,2025-07-19,Vagas.com
Analista de Projetos Jr,União Química Farmacêutica Nacional S/A,"São Paulo / SP
              



                      A empresa aceita candidaturas de São Paulo e cidades próximas",A combinar,2025-07-19,Vagas.com
Analista de Controladoria,Confidencial,"Rio de Janeiro / RJ
              



                      A empresa aceita candidaturas de qualquer cidade do Brasil",A combinar,2025-07-19,Vagas.com
Analista de Planejamento Pl,Confidencial,"Rio de Janeiro / RJ
              



                      A empresa aceita candidaturas de Rio de Janeiro e cidades próximas",A combinar,2025-07-19,Vagas.com
Analista de Almoxarifado Jr,Logfit,"Rio de Janeiro / RJ
              



                      A empresa aceita candidaturas de Rio de Janeiro e cidades próximas",A combinar,2025-07-19,Vagas.com
Analista Florestal Pleno,Arauco do Brasil,"Inocência / MS
              



                      A empresa aceita candidaturas de Inocência e cidades próximas",A combinar,2025-07-19,Vagas.com
Analista de Orçamento Júnior,Pacaembu Construtora,"São Paulo / SP
              



                      A empresa aceita candidaturas de São Paulo e cidades próximas",A combinar,2025-07-19,Vagas.com
Analista de Sistemas,Tecfil Filtros,"Guarulhos / SP
              



                      A empresa aceita candidaturas de Guarulhos e cidades próximas",A combinar,2025-07-19,Vagas.com
10864 - Analista de Faturamento,Talent Group,"São Paulo / SP
              



                      A empresa aceita apenas candidaturas de São Paulo",A combinar,2025-07-19,Vagas.com
Analista Contábil Sênior,TIVIT- SP,"São Paulo / SP
              



                      A empresa aceita candidaturas de São Paulo e cidades próximas",A combinar,2025-07-19,Vagas.com
Analista de Qualidade,Lyon Engenharia,"Belo Horizonte / MG
              



                      A empresa aceita candidaturas de Belo Horizonte e cidades próximas",A combinar,2025-07-19,Vagas.com
Analista de Remuneração Jr,Frescatto,"Duque de Caxias / RJ
              



                      A empresa aceita candidaturas de Duque de Caxias e cidades próximas",A combinar,2025-07-19,Vagas.com
Analista Fiscal,Andreani Logística,"Embu / SP
              



                      A empresa aceita candidaturas de qualquer cidade do Brasil",A combinar,2025-07-19,Vagas.com
Analista de Processos,Grupo Guanabara,"Rio de Janeiro / RJ
              



                      A empresa aceita candidaturas de Rio de Janeiro e cidades próximas",A combinar,2025-07-19,Vagas.com
Analista Fiscal Pleno,Grupo Guanabara,"Rio de Janeiro / RJ
              



                      A empresa aceita candidaturas de Rio de Janeiro e cidades próximas",A combinar,2025-07-19,Vagas.com
Analista Financeiro,Confidencial,"Belo Horizonte / MG
              



                      A empresa aceita apenas candidaturas de Belo Horizonte",A combinar,2025-07-19,Vagas.com
Analista Sênior de Parametrização,Stellantis Saúde,"Betim / MG
              



                      A empresa aceita candidaturas de Betim e cidades próximas",A combinar,2025-07-19,Vagas.com
Analista Administrativo Jr.,Confidencial,"São Paulo / SP
              



                      A empresa aceita apenas candidaturas de São Paulo",A combinar,2025-07-19,Vagas.com
Analista de Estatistica,JOBCENTER DO BRASIL LTDA,"São Paulo / SP
              



                      A empresa aceita candidaturas de São Paulo e cidades próximas",A combinar,2025-07-19,Vagas.com
Analista Financeiro,J&T Express,"São Paulo / SP
              



                      A empresa aceita candidaturas de São Paulo e cidades próximas",A combinar,2025-07-19,Vagas.com
Analista de Projetos 026454/026453,Lyon Engenharia,"Nova Lima / MG
              



                      A empresa aceita candidaturas de Nova Lima e cidades próximas",A combinar,2025-07-19,Vagas.com
Analista de Laboratório Jr,Merieux Nutrisciences,"Canoas / RS
              



                      A empresa aceita candidaturas de Canoas e cidades próximas",A combinar,2025-07-19,Vagas.com
Analista Fiscal,Bom Futuro,"Cuiabá / MT
              



                      A empresa aceita candidaturas de Cuiabá e cidades próximas",A combinar,2025-07-19,Vagas.com
Analista de Qualidade,Frescatto,"Duque de Caxias / RJ
              



                      A empresa aceita candidaturas de qualquer cidade do Brasil",A combinar,2025-07-19,Vagas.com
Analista de Marketing,METROVAL CONTROLE DE FLUIDOS LTDA,"Nova Odessa / SP
              



                      A empresa aceita candidaturas de Nova Odessa e cidades próximas",A combinar,2025-07-19,Vagas.com
Analista Custos Sr,Grupo Profarma | Rede d1000,"Rio de Janeiro / RJ
              



                      A empresa aceita candidaturas de Rio de Janeiro e cidades próximas",A combinar,2025-07-19,Vagas.com
Analista Marketing III,Confidencial,"Porto Alegre / RS
              



                      A empresa aceita candidaturas de Porto Alegre e cidades próximas",A combinar,2025-07-19,Vagas.com
Analista de Projetos,Andreani Logística,"Embu / SP
              



                      A empresa aceita candidaturas de Embu das Artes e cidades próximas",A combinar,2025-07-19,Vagas.com
Analista de Exportação Jr,DHL Express,"Campinas / SP
              



                      A empresa aceita candidaturas de Campinas e cidades próximas",A combinar,2025-07-19,Vagas.com
Analista Tributário Jr,Confidencial,"Rio de Janeiro / RJ
              



                      A empresa aceita candidaturas de qualquer cidade do Brasil",A combinar,2025-07-19,Vagas.com
Analista Técnico,ERG Engenharia,"Nova Lima / MG
              



                      A empresa aceita candidaturas de Nova Lima e cidades próximas",A combinar,2025-07-19,Vagas.com
Analista de Controladoria Sênior,Liotécnica Tecnologia em Alimentos SA,"Embu / SP
              



                      A empresa aceita candidaturas de Embu das Artes e cidades próximas",A combinar,2025-07-19,Vagas.com
Analista de Controladoria Pleno,Confidencial,"São Paulo / SP
              



                      A empresa aceita candidaturas de São Paulo e cidades próximas",A combinar,2025-07-19,Vagas.com
Analista de Custos Pleno,Confidencial,"São Paulo / SP
              



                      A empresa aceita candidaturas de São Paulo e cidades próximas",A combinar,2025-07-19,Vagas.com
Analista Comercial Pleno,Lyon Engenharia,"Belo Horizonte / MG
              



                      A empresa aceita candidaturas de Belo Horizonte e cidades próximas",A combinar,2025-07-19,Vagas.com
Analista de Sistemas I,Hospital Pequeno Príncipe,"Curitiba / PR
              



                      A empresa aceita candidaturas de qualquer cidade do Brasil",A combinar,2025-07-19,Vagas.com
Analista Marketing II,Confidencial,"Porto Alegre / RS
              



                      A empresa aceita candidaturas de Porto Alegre e cidades próximas",A combinar,2025-07-19,Vagas.com
Analista Acadêmico I,Ânima,,A combinar,2025-07-19,Vagas.com
Analista de Seop Sr,União Química Farmacêutica Nacional S/A,"São Paulo / SP
              



                      A empresa aceita candidaturas de São Paulo e cidades próximas",A combinar,2025-07-19,Vagas.com
Analista de Controladoria Sênior,hcor,"São Paulo / SP
              



                      A empresa aceita candidaturas de São Paulo e cidades próximas",A combinar,2025-07-19,Vagas.com
10860 - Analista de Redes,Talent Group,"Rio de Janeiro / RJ
              



                      A empresa aceita apenas candidaturas de Rio de Janeiro",A combinar,2025-07-19,Vagas.com
Analista de Ativos Sênior,EDF power solutions,"Rio de Janeiro / RJ
              



                      A empresa aceita candidaturas de Rio de Janeiro e cidades próximas",A combinar,2025-07-19,Vagas.com
Analista de Seop Pleno,União Química Farmacêutica Nacional S/A,"São Paulo / SP
              



                      A empresa aceita apenas candidaturas de São Paulo",A combinar,2025-07-19,Vagas.com
Analista Financeiro,Confidencial,"São Paulo / SP
              



                      A empresa aceita candidaturas de São Paulo e cidades próximas",A combinar,2025-07-19,Vagas.com
Analista Contábil Sênior,Soluções Terceirizadas,"Guarulhos / SP
              



                      A empresa aceita candidaturas de Guarulhos e cidades próximas",A combinar,2025-07-19,Vagas.com
Analista Contábil Pleno,Grupo Guanabara,"Rio de Janeiro / RJ
              



                      A empresa aceita candidaturas de Rio de Janeiro e cidades próximas",A combinar,2025-07-19,Vagas.com
Analista de Qualidade Jr,TIVIT,"Belo Horizonte / MG
              



                      A empresa aceita candidaturas de Belo Horizonte e cidades próximas",A combinar,2025-07-19,Vagas.com
Analista de Performance,XCMG Brasil Indústria,"Pouso Alegre / MG
              



                      A empresa aceita candidaturas de qualquer cidade do Brasil",A combinar,2025-07-19,Vagas.com
Analista de Controladoria Sr,Grupo Technos,"Manaus / AM
              



                      A empresa aceita apenas candidaturas de Manaus",A combinar,2025-07-19,Vagas.com
Analista de PCP Jr,Confidencial,"São Paulo / SP
              



                      A empresa aceita candidaturas de São Paulo e cidades próximas",A combinar,2025-07-19,Vagas.com
Analista de Marketing II,Confidencial,"São Paulo / SP
              



                      A empresa aceita candidaturas de São Paulo e cidades próximas",A combinar,2025-07-19,Vagas.com
Analista de Projetos Sr.,JOBCENTER DO BRASIL LTDA,"Guarulhos / SP
              



                      A empresa aceita candidaturas de Guarulhos e cidades próximas",A combinar,2025-07-19,Vagas.com
Analista de Performance,XCMG Brasil Indústria,"Parauapebas / PA
              



                      A empresa aceita candidaturas de Parauapebas e cidades próximas",A combinar,2025-07-19,Vagas.com
Analista de Rede Sr,TIVIT,"Vitória / ES
              



                      A empresa aceita candidaturas de Vitória e cidades próximas",A combinar,2025-07-19,Vagas.com
Analista Contábil,Perim Distribuidora,"Avaré / SP
              



                      A empresa aceita candidaturas de qualquer cidade do Brasil",A combinar,2025-07-19,Vagas.com
Analista Contábil,Hyundai Mobis Brasil,"Piracicaba / SP
              



                      A empresa aceita candidaturas de Piracicaba e cidades próximas",A combinar,2025-07-19,Vagas.com
10878 - Analista Administrativo,Talent Group,"São Paulo / SP
              



                      A empresa aceita apenas candidaturas de São Paulo",A combinar,2025-07-19,Vagas.com
Analista Comercial II,Oncoclínicas&Co,"Lauro de Freitas / BA
              



                      A empresa aceita candidaturas de Lauro de Freitas e cidades próximas",A combinar,2025-07-19,Vagas.com
Analista de Teste Pleno,Synchro,"Rio de Janeiro / RJ
              



                      A empresa aceita candidaturas de qualquer cidade do Brasil",A combinar,2025-07-19,Vagas.com
Analista de Qualidade,Hyundai Mobis Brasil,"Piracicaba / SP
              



                      A empresa aceita candidaturas de Piracicaba e cidades próximas",A combinar,2025-07-19,Vagas.com
Analista Contábil,Grupo SERES,"São Paulo / SP
              



                      A empresa aceita candidaturas de São Paulo e cidades próximas",A combinar,2025-07-19,Vagas.com
Analista Financeiro Sênior,BDG Serviços Financeiros,"Belo Horizonte / MG
              



                      A empresa aceita candidaturas de Belo Horizonte e cidades próximas",A combinar,2025-07-19,Vagas.com
Analista de Logística,Andreani Logística,"Viana / ES
              



                      A empresa aceita candidaturas de Viana e cidades próximas",A combinar,2025-07-19,Vagas.com
Analista de FP&A,CLAMPER,"Lagoa Santa / MG
              



                      A empresa aceita candidaturas de Lagoa Santa e cidades próximas",A combinar,2025-07-19,Vagas.com
Analista de Sistemas,J&T Express,"São Paulo / SP
              



                      A empresa aceita candidaturas de São Paulo e cidades próximas",A combinar,2025-07-19,Vagas.com
Analista de Suprimentos Pl,SulAmérica,"Rio de Janeiro / RJ
              



                      A empresa aceita candidaturas de Rio de Janeiro e cidades próximas",A combinar,2025-07-19,Vagas.com
Analista Fiscal Sr,Marjan Farma,"São Paulo / SP
              



                      A empresa aceita candidaturas de São Paulo e cidades próximas",A combinar,2025-07-19,Vagas.com
Analista de Projetos Sr,OceanPact,"Rio de Janeiro / RJ
              



                      A empresa aceita candidaturas de Rio de Janeiro e cidades próximas",A combinar,2025-07-19,Vagas.com
Analista Comercial Júnior,Direcional,"Belo Horizonte / MG
              



                      A empresa aceita candidaturas de Belo Horizonte e cidades próximas",A combinar,2025-07-19,Vagas.com
Analista de Qualidade,Confidencial,"Vespasiano / MG
              



                      A empresa aceita candidaturas de Vespasiano e cidades próximas",A combinar,2025-07-19,Vagas.com
Analista Comercial,Syntegon Telstar Brasil,"São Paulo / SP
              



                      A empresa aceita candidaturas de São Paulo e cidades próximas",A combinar,2025-07-19,Vagas.com
Analista de Contabilidade Pleno,Confidencial,"Jundiaí / SP
              



                      A empresa aceita candidaturas de Jundiaí e cidades próximas",A combinar,2025-07-19,Vagas.com
Analista da Qualidade,TekniPlex Materials Science Solutions,"Santana de Parnaíba / SP
              



                      A empresa aceita candidaturas de Santana de Parnaíba e cidades próximas",A combinar,2025-07-19,Vagas.com
Analista Crédito Jr,Icatu Vanguarda,"Rio de Janeiro / RJ
              



                      A empresa aceita candidaturas de Rio de Janeiro e cidades próximas",A combinar,2025-07-19,Vagas.com
Analista de Produto,SimpleLab,"Belo Horizonte / MG
              



                      A empresa aceita candidaturas de Belo Horizonte e cidades próximas",A combinar,2025-07-19,Vagas.com
Analista de CRM,SimpleLab,"Belo Horizonte / MG
              



                      A empresa aceita candidaturas de Belo Horizonte e cidades próximas",A combinar,2025-07-19,Vagas.com
Analista de Qualidade,ConVeyBelts,"São Paulo / SP
              



                      A empresa aceita candidaturas de São Paulo e cidades próximas",A combinar,2025-07-19,Vagas.com
Analista de PCP,Manuchar,"Rio de Janeiro / RJ
              



                      A empresa aceita candidaturas de Rio de Janeiro e cidades próximas",A combinar,2025-07-19,Vagas.com
Analista Controladoria Sr,Confidencial,"Campinas / SP
              



                      A empresa aceita candidaturas de Campinas e cidades próximas",A combinar,2025-07-19,Vagas.com
Analista de Marketing,Pacaembu Construtora,"Brasília / DF
              



                      A empresa aceita candidaturas de Brasília e cidades próximas",A combinar,2025-07-19,Vagas.com
Analista de Infraestrutura,HOSPITAL PEQUENO PRÍNCIPE,"Curitiba / PR
              



                      A empresa aceita candidaturas de Curitiba e cidades próximas",A combinar,2025-07-19,Vagas.com
Analista Fiscal Sênior,CPFL Energia,"Indaiatuba / SP
              



                      A empresa aceita candidaturas de qualquer cidade do Brasil",A combinar,2025-07-19,Vagas.com
Analista de S&op,Tele Rio,"Rio de Janeiro / RJ
              



                      A empresa aceita apenas candidaturas de Rio de Janeiro",A combinar,2025-07-19,Vagas.com
Analista Laboratorio,bp bioenergy,"Santa Juliana / MG
              



                      A empresa aceita candidaturas de qualquer cidade do Brasil",A combinar,2025-07-19,Vagas.com
Analista de Marketing,Pacaembu Construtora,"São Paulo / SP
              



                      A empresa aceita candidaturas de São Paulo e cidades próximas",A combinar,2025-07-19,Vagas.com
Analista de Processos Sênior,The Adecco Group,"São Paulo / SP
              



                      A empresa aceita candidaturas de São Paulo e cidades próximas",A combinar,2025-07-19,Vagas.com
Analista de Ssma Pleno,Confidencial,"São Paulo / SP
              



                      A empresa aceita candidaturas de São Paulo e cidades próximas",A combinar,2025-07-19,Vagas.com
Analista de Qualidade,Sillion Serviços de Tecnologia LTDA,"Belo Horizonte / MG
              



                      A empresa aceita candidaturas de Belo Horizonte e cidades próximas",A combinar,2025-07-19,Vagas.com
Analista de Controladoria Pleno,HarperCollins Brasil,"Rio de Janeiro / RJ
              



                      A empresa aceita candidaturas de Rio de Janeiro e cidades próximas",A combinar,2025-07-19,Vagas.com
Analista de Ouvidoria II,Grupo Fleury,"São Paulo / SP
              



                      A empresa aceita candidaturas de São Paulo e cidades próximas",A combinar,2025-07-19,Vagas.com
Analista de Autorregulação II,Confidencial,"Brasília / DF
              



                      A empresa aceita candidaturas de Brasília e cidades próximas",A combinar,2025-07-19,Vagas.com
Analista Comercial,MSC Mediterranean Shipping Company,"Belém / PA
              



                      A empresa aceita candidaturas de Belém e cidades próximas",A combinar,2025-07-19,Vagas.com
Analista Custos Sênior,hcor,"São Paulo / SP
              



                      A empresa aceita candidaturas de São Paulo e cidades próximas",A combinar,2025-07-19,Vagas.com
Analista de Planejamento Sênior,MetrôRio,"Rio de Janeiro / RJ
              



                      A empresa aceita candidaturas de qualquer cidade do Brasil",A combinar,2025-07-19,Vagas.com
Analista Laboratorio I,bp bioenergy,"Ouroeste / SP
              



                      A empresa aceita candidaturas de qualquer cidade do Brasil",A combinar,2025-07-19,Vagas.com
Analista de Research Júnior,Ativa Investimentos,"Rio de Janeiro / RJ
              



                      A empresa aceita candidaturas de qualquer cidade do Brasil",A combinar,2025-07-19,Vagas.com
Analista de Marketing III,Confidencial,"São Paulo / SP
              



                      A empresa aceita candidaturas de São Paulo e cidades próximas",A combinar,2025-07-19,Vagas.com
Analista de Projetos,Hospital da Baleia,"Belo Horizonte / MG
              



                      A empresa aceita candidaturas de Belo Horizonte e cidades próximas",A combinar,2025-07-19,Vagas.com
Analista de Infraestrutura,Penso Tecnologia,"São Bernardo do Campo / SP
              



                      A empresa aceita candidaturas de São Bernardo do Campo e cidades próximas",A combinar,2025-07-19,Vagas.com
Analista de Custos Senior,Amcor Flexibles Latin America,"Mauá / SP
              



                      A empresa aceita candidaturas de qualquer cidade do Brasil",A combinar,2025-07-19,Vagas.com
Analista Bi Pleno -  Inspirali,Inspirali,"São Paulo / SP
              



                      A empresa aceita candidaturas de São Paulo e cidades próximas",A combinar,2025-07-19,Vagas.com
Analista de Business Intelligence,Fundação Getulio Vargas,"Rio de Janeiro / RJ
              



                      A empresa aceita candidaturas de Rio de Janeiro e cidades próximas",A combinar,2025-07-19,Vagas.com
Analista de Inteligência de Negócios Sr.,SGR,"Rio de Janeiro / RJ
              



                      A empresa aceita candidaturas de qualquer cidade do Brasil",A combinar,2025-07-19,Vagas.com
Analista de Folha de Pagamento Sr,KGS - Kidde Global Solutions,"São Paulo / SP
              



                      A empresa aceita candidaturas de São Paulo e cidades próximas",A combinar,2025-07-19,Vagas.com
Analista de Inteligência Comercial,Confidencial,"São Paulo / SP
              



                      A empresa aceita candidaturas de São Paulo e cidades próximas",A combinar,2025-07-19,Vagas.com
Analista de Desenvolvimento Analítico Sênior,UNIÃO QUÍMICA,"Embu-Guaçu / SP
              



                      A empresa aceita candidaturas de qualquer cidade do Brasil",A combinar,2025-07-19,Vagas.com
Analista de Operações | Telemetria,JOBCENTER DO BRASIL LTDA,"São Paulo / SP
              



                      A empresa aceita candidaturas de São Paulo e cidades próximas",A combinar,2025-07-19,Vagas.com
Analista de Mercado Financeiro I,EDITORA GLOBO,"São Paulo / SP
              



                      A empresa aceita candidaturas de São Paulo e cidades próximas",A combinar,2025-07-19,Vagas.com
Analista de Contas a Receber Sênior,Confidencial,"João Pessoa / PB
              



                      A empresa aceita candidaturas de João Pessoa e cidades próximas",A combinar,2025-07-19,Vagas.com
Analista de Planejamento Comercial Sr,Confidencial,"Barueri / SP
              



                      A empresa aceita candidaturas de Barueri e cidades próximas",A combinar,2025-07-19,Vagas.com
Analista Comercial Corporativo Sênior,Grupo Águas do Brasil,"Niterói / RJ
              



                      A empresa aceita candidaturas de qualquer cidade do Brasil",A combinar,2025-07-19,Vagas.com
Analista de Processos Comerciais Sênior,Melitta South America,"São Paulo / SP
              



                      A empresa aceita candidaturas de São Paulo e cidades próximas",A combinar,2025-07-19,Vagas.com
10863 - Analista de Finanças e Contabilidade Pl,Talent Group,"São Paulo / SP
              



                      A empresa aceita apenas candidaturas de São Paulo",A combinar,2025-07-19,Vagas.com
Analista de Expansão de Franquias,Cultura Inglesa,"São Paulo / SP
              



                      A empresa aceita candidaturas de qualquer cidade do Brasil",A combinar,2025-07-19,Vagas.com
Analista de Inteligência Comercial Sênior,Tangará,"Belo Horizonte / MG
              



                      A empresa aceita candidaturas de Belo Horizonte e cidades próximas",A combinar,2025-07-19,Vagas.com
Analista de Integrações Tasy,Hospital São Camilo,"São Paulo / SP
              



                      A empresa aceita candidaturas de São Paulo e cidades próximas",A combinar,2025-07-19,Vagas.com
Analista Contr Agroindustrial Pl,bp bioenergy,"Santa Juliana / MG
              



                      A empresa aceita candidaturas de qualquer cidade do Brasil",A combinar,2025-07-19,Vagas.com
Analista de Administração de Pessoal,Irani Papel e Embalagem S.A,"Indaiatuba / SP
              



                      A empresa aceita candidaturas de Indaiatuba e cidades próximas",A combinar,2025-07-19,Vagas.com
Analista de Sistemas Pleno - Backend,OceanPact Serviços Maritimos S.A,"Rio de Janeiro / RJ
              



                      A empresa aceita candidaturas de Rio de Janeiro e cidades próximas",A combinar,2025-07-19,Vagas.com
Analista de Inteligência Comercial Pleno,União Química Farmacêutica Nacional S/A,"São Paulo / SP
              



                      A empresa aceita candidaturas de São Paulo e cidades próximas",A combinar,2025-07-19,Vagas.com
Analista de PMO Sr - Produtos,Marjan Farma,"São Paulo / SP
              



                      A empresa aceita candidaturas de qualquer cidade do Brasil",A combinar,2025-07-19,Vagas.com
Analista de Planejamento Comercial,Manpower,"São Paulo / SP
              



                      A empresa aceita candidaturas de São Paulo e cidades próximas",A combinar,2025-07-19,Vagas.com
Analista Folha de Pagamento Sr,KGS - Kidde Global Solutions,"São Paulo / SP
              



                      A empresa aceita candidaturas de São Paulo e cidades próximas",A combinar,2025-07-19,Vagas.com
Analista de Contas a Pagar Sênior,Confidencial,"João Pessoa / PB
              



                      A empresa aceita candidaturas de João Pessoa e cidades próximas",A combinar,2025-07-19,Vagas.com
Analista de Novos Negócios Pl.,Marjan Farma,"São Paulo / SP
              



                      A empresa aceita candidaturas de qualquer cidade do Brasil",A combinar,2025-07-19,Vagas.com
Analista Administrativo Financeiro,Casa Aliança Padaria Gourmet,"Salto / SP
              



                      A empresa aceita candidaturas de Salto e cidades próximas",A combinar,2025-07-19,Vagas.com
Analista de Negócios de TI Júnior,AGEO Terminais e Armazéns Gerais,"Santos / SP
              



                      A empresa aceita candidaturas de Santos e cidades próximas",A combinar,2025-07-19,Vagas.com
Analista de Sistema .net,Personale Consultoria de RH,"Rio de Janeiro / RJ
              



                      A empresa aceita candidaturas de Rio de Janeiro e cidades próximas",A combinar,2025-07-19,Vagas.com
Analista de Sales Operations Sênior,B&P Desenvolvimento Humano,"São Paulo / SP
              



                      A empresa aceita candidaturas de São Paulo e cidades próximas",A combinar,2025-07-19,Vagas.com
Analista de Gestão de Redes Sênior,J&T Express,"Barueri / SP
              



                      A empresa aceita candidaturas de Barueri e cidades próximas",A combinar,2025-07-19,Vagas.com
Analista de SAP Pm,Confidencial,"São Paulo / SP
              



                      A empresa aceita candidaturas de São Paulo e cidades próximas",A combinar,2025-07-19,Vagas.com
Analista Inteligência de Mercado,Confidencial,"Santos / SP
              



                      A empresa aceita candidaturas de Santos e cidades próximas",A combinar,2025-07-19,Vagas.com
Analista de Logística | Sistemas,GWM,"Iracemápolis / SP
              



                      A empresa aceita candidaturas de qualquer cidade do Brasil",A combinar,2025-07-19,Vagas.com
Analista de Logística - | Inventário,GWM,"Iracemápolis / SP
              



                      A empresa aceita candidaturas de qualquer cidade do Brasil",A combinar,2025-07-19,Vagas.com
Analista de Controle de Qualidade Jr,UNIÃO QUÍMICA,"Guarulhos / SP
              



                      A empresa aceita candidaturas de Guarulhos e cidades próximas",A combinar,2025-07-19,Vagas.com
Analista de Inteligência de Mercado Sr.,XCMG Brasil Indústria,"Pouso Alegre / MG
              



                      A empresa aceita candidaturas de qualquer cidade do Brasil",A combinar,2025-07-19,Vagas.com
10867 - Analista de Governança de TI,Talent Group,"São Paulo / SP
              



                      A empresa aceita apenas candidaturas de São Paulo",A combinar,2025-07-19,Vagas.com
Analista de Assuntos Regulatórios Pleno,Frescatto,"Duque de Caxias / RJ
              



                      A empresa aceita candidaturas de Duque de Caxias e cidades próximas",A combinar,2025-07-19,Vagas.com
Analista de Marketing Pleno (CRM),Icatu Seguros,"Rio de Janeiro / RJ
              



                      A empresa aceita candidaturas de Rio de Janeiro e cidades próximas",A combinar,2025-07-19,Vagas.com
Analista de Operações de Loja,Confidencial,"São Paulo / SP
              



                      A empresa aceita apenas candidaturas de São Paulo",A combinar,2025-07-19,Vagas.com
Analista de Crédito e Cobrança Sr,Vertiv Tecnologia do Brasil Ltda,"Sorocaba / SP
              



                      A empresa aceita candidaturas de Sorocaba e cidades próximas",A combinar,2025-07-19,Vagas.com
Analista Garantia da Qualidade Jr,DFL Indústria e Comércio S/A,"Rio de Janeiro / RJ
              



                      A empresa aceita candidaturas de Rio de Janeiro e cidades próximas",A combinar,2025-07-19,Vagas.com
10861 - Analista Desenvolvedor Fullstack,Talent Group,"São Paulo / SP
              



                      A empresa aceita candidaturas de São Paulo e cidades próximas",A combinar,2025-07-19,Vagas.com
Analista de Compras (Capex),ASSAÍ ATACADISTA,"São Paulo / SP
              



                      A empresa aceita candidaturas de São Paulo e cidades próximas",A combinar,2025-07-19,Vagas.com
Analista Controladoria Estoque II,AMAGGI,"Cuiabá / MT
              



                      A empresa aceita candidaturas de qualquer cidade do Brasil",A combinar,2025-07-19,Vagas.com
Analista Controladoria Estoque III,AMAGGI,"Cuiabá / MT
              



                      A empresa aceita candidaturas de qualquer cidade do Brasil",A combinar,2025-07-19,Vagas.com
Analista de Planejamento e Orçamento Jr,EDF power solutions,"Rio de Janeiro / RJ
              



                      A empresa aceita candidaturas de Rio de Janeiro e cidades próximas",A combinar,2025-07-19,Vagas.com
Analista de Recursos Humanos,Confidencial,"Rio de Janeiro / RJ
              



                      A empresa aceita candidaturas de qualquer cidade do Brasil",A combinar,2025-07-19,Vagas.com
Analista de Controles Internos II,JOBCENTER DO BRASIL LTDA,"São Paulo / SP
              



                      A empresa aceita candidaturas de São Paulo e cidades próximas",A combinar,2025-07-19,Vagas.com
Analista de Custos (FP&A),Zambon,"São Paulo / SP
              



                      A empresa aceita candidaturas de São Paulo e cidades próximas",A combinar,2025-07-19,Vagas.com
Analista de Melhoria Contínua Pleno,DHL Express,"São Paulo / SP
              



                      A empresa aceita candidaturas de São Paulo e cidades próximas",A combinar,2025-07-19,Vagas.com
Analista Desenvolvedor Oracle,Confidencial,"Rio de Janeiro / RJ
              



                      A empresa aceita candidaturas de Rio de Janeiro e cidades próximas",A combinar,2025-07-19,Vagas.com
Analista de Logistica Industrial,EssilorLuxottica,"Campinas / SP
              



                      A empresa aceita candidaturas de Campinas e cidades próximas",A combinar,2025-07-19,Vagas.com
Analista de Infraestrutura de TI,Selpe,"Contagem / MG
              



                      A empresa aceita candidaturas de Contagem e cidades próximas",A combinar,2025-07-19,Vagas.com
Analista de Cadastros de Materiais,OceanPact Serviços Maritimos S.A,"Rio de Janeiro / RJ
              



                      A empresa aceita apenas candidaturas de Rio de Janeiro",A combinar,2025-07-19,Vagas.com
Analista de Recursos Humanos,Azevedo & Travassos S/A pela subsidiária Heftos,"São Paulo / SP
              



                      A empresa aceita candidaturas de São Paulo e cidades próximas",A combinar,2025-07-19,Vagas.com
Analista de Logística e Distribuição Jr,The Adecco Group,"São Paulo / SP
              



                      A empresa aceita candidaturas de São Paulo e cidades próximas",A combinar,2025-07-19,Vagas.com
Analista de Testes QA,Alliança Recursos Humanos,"Jacareí / SP
              



                      A empresa aceita candidaturas de Jacareí e cidades próximas",A combinar,2025-07-19,Vagas.com
Analista Apoio Vendas Pl,SulAmérica,"São Paulo / SP
              



                      A empresa aceita candidaturas de São Paulo e cidades próximas",A combinar,2025-07-19,Vagas.com
Analista de Inteligência de Mercado Pl,Marjan Farma,"São Paulo / SP
              



                      A empresa aceita candidaturas de São Paulo e cidades próximas",A combinar,2025-07-19,Vagas.com
Pessoa Analista Comercial II,Rio Mais Saneamento,"Rio de Janeiro / RJ
              



                      A empresa aceita candidaturas de Rio de Janeiro e cidades próximas",A combinar,2025-07-19,Vagas.com
Analista de Fundos (Passivo),Ativa Investimentos,"São Paulo / SP
              



                      A empresa aceita candidaturas de qualquer cidade do Brasil",A combinar,2025-07-19,Vagas.com
Analista de Planejamento e Abastecimento Jr,Grupo Technos,"Rio de Janeiro / RJ
              



                      A empresa aceita candidaturas de qualquer cidade do Brasil",A combinar,2025-07-19,Vagas.com
Analista de Planejamento de Peças,XCMG Brasil Indústria,"Contagem / MG
              



                      A empresa aceita candidaturas de Contagem e cidades próximas",A combinar,2025-07-19,Vagas.com
Analista de Negócios Internacionais,XCMG Brasil Indústria,"Pouso Alegre / MG
              



                      A empresa aceita candidaturas de Pouso Alegre e cidades próximas",A combinar,2025-07-19,Vagas.com
Analista de Costumer Success,Woli Tecnologia,"Araxá / MG
              



                      A empresa aceita apenas candidaturas de Araxá",A combinar,2025-07-19,Vagas.com
Analista de Planejamento Financeiro Pleno,Liotécnica Tecnologia em Alimentos SA,"Embu / SP
              



                      A empresa aceita candidaturas de Embu das Artes e cidades próximas",A combinar,2025-07-19,Vagas.com
Analista de Custos Logísticos,Fiorde Group,"Guarulhos / SP
              



                      A empresa aceita candidaturas de Guarulhos e cidades próximas",A combinar,2025-07-19,Vagas.com
Analista de Administração Pessoal Jr,Confidencial,"São Paulo / SP
              



                      A empresa aceita candidaturas de qualquer cidade do Brasil",A combinar,2025-07-19,Vagas.com
Analista Desenvolvimento da Qualidade Pleno,Confidencial,"Contagem / MG
              



                      A empresa aceita candidaturas de Contagem e cidades próximas",A combinar,2025-07-19,Vagas.com
Analista de Projetos e Processos,SulAmérica,"São Paulo / SP
              



                      A empresa aceita candidaturas de São Paulo e cidades próximas",A combinar,2025-07-19,Vagas.com
Analista Segurança Trabalho Jr,CMOC Brasil,"Cubatão / SP
              



                      A empresa aceita candidaturas de Cubatão e cidades próximas",A combinar,2025-07-19,Vagas.com
Analista de Negócios (Palmas),AllCare Gestora de Saúde,,A combinar,2025-07-19,Vagas.com
Analista de Departamento Pessoal,Amigos do Bem,"São Paulo / SP
              



                      A empresa aceita apenas candidaturas de São Paulo",A combinar,2025-07-19,Vagas.com
Analista de Excelência em Processos Jr,Marjan Farma,"São Paulo / SP
              



                      A empresa aceita candidaturas de qualquer cidade do Brasil",A combinar,2025-07-19,Vagas.com
Analista de Desenvolvimento de Produtos I,CLAMPER,"Lagoa Santa / MG
              



                      A empresa aceita candidaturas de Lagoa Santa e cidades próximas",A combinar,2025-07-19,Vagas.com
Analista Administrativo Jr| Produção,GWM,"Iracemápolis / SP
              



                      A empresa aceita candidaturas de qualquer cidade do Brasil",A combinar,2025-07-19,Vagas.com
Analista Financeiro Sr - Faturamento,Confidencial,"Barueri / SP
              



                      A empresa aceita candidaturas de Barueri e cidades próximas",A combinar,2025-07-19,Vagas.com
Analista Relacionamento Prestadores Jr,SulAmérica,"São Paulo / SP
              



                      A empresa aceita candidaturas de São Paulo e cidades próximas",A combinar,2025-07-19,Vagas.com
Analista de Marketing Digital Pl,Marjan Farma,"São Paulo / SP
              



                      A empresa aceita candidaturas de São Paulo e cidades próximas",A combinar,2025-07-19,Vagas.com
Analista Médico Científico Sr,Marjan Farma,"São Paulo / SP
              



                      A empresa aceita candidaturas de São Paulo e cidades próximas",A combinar,2025-07-19,Vagas.com
Analista Depart. Clínico Pl,DFL Indústria e Comércio S/A,"Rio de Janeiro / RJ
              



                      A empresa aceita candidaturas de Rio de Janeiro e cidades próximas",A combinar,2025-07-19,Vagas.com
Analista Pl de Compras Técnicas,Hyundai Motor Brasil,"Piracicaba / SP
              



                      A empresa aceita candidaturas de qualquer cidade do Brasil",A combinar,2025-07-19,Vagas.com
Analista de Finanças (Pricing),Wella Company,"São Paulo / SP
              



                      A empresa aceita candidaturas de qualquer cidade do Brasil",A combinar,2025-07-19,Vagas.com
Analista de RH Jr,The Adecco Group,"Belo Horizonte / MG
              



                      A empresa aceita candidaturas de Belo Horizonte e cidades próximas",A combinar,2025-07-19,Vagas.com
Analista de Recursos Humanos II,Oncoclínicas&Co,"Belo Horizonte / MG
              



                      A empresa aceita candidaturas de Belo Horizonte e cidades próximas",A combinar,2025-07-19,Vagas.com
Analista de Telecom Jr - Pcd,Grupo Fleury,"Belo Horizonte / MG
              



                      A empresa aceita candidaturas de Belo Horizonte e cidades próximas",A combinar,2025-07-19,Vagas.com
Analista de Facilities - Bilíngue,Cushman,"São Paulo / SP
              



                      A empresa aceita candidaturas de São Paulo e cidades próximas",A combinar,2025-07-19,Vagas.com
Analista Sr em Google Workspace,Proativa RH,"São Paulo / SP
              



                      A empresa aceita candidaturas de São Paulo e cidades próximas",A combinar,2025-07-19,Vagas.com
Analista Segurança da Informação,NISSIN FOODS DO BRASIL LTDA.,"São Paulo / SP
              



                      A empresa aceita candidaturas de São Paulo e cidades próximas",A combinar,2025-07-19,Vagas.com
Analista de Assuntos Regulatorios Sr,União Química Farmacêutica Nacional S/A,,A combinar,2025-07-19,Vagas.com
Analista Garantia da Qualidade I,Vetnil,"Louveira / SP
              



                      A empresa aceita candidaturas de Louveira e cidades próximas",A combinar,2025-07-19,Vagas.com
Analista de Processos e Qualidade II,Ânima,,A combinar,2025-07-19,Vagas.com
Analista de Recrutamento e Seleção,Confidencial,"Belo Horizonte / MG
              



                      A empresa aceita candidaturas de Belo Horizonte e cidades próximas",A combinar,2025-07-19,Vagas.com
Analista de Cd II - Campinas,Grupo Fleury,"Campinas / SP
              



                      A empresa aceita candidaturas de Campinas e cidades próximas",A combinar,2025-07-19,Vagas.com
Analista de Marketing - Bellafemme,Confidencial,"Rio de Janeiro / RJ
              



                      A empresa aceita candidaturas de Rio de Janeiro e cidades próximas",A combinar,2025-07-19,Vagas.com
Analista de Planejamento de S&OE(Demanda),Selpe,"São Paulo / SP
              



                      A empresa aceita candidaturas de São Paulo e cidades próximas",A combinar,2025-07-19,Vagas.com
Analista de Sistemas Ambientais e Modelagem,EnvironPact,"Rio de Janeiro / RJ
              



                      A empresa aceita candidaturas de Rio de Janeiro e cidades próximas",A combinar,2025-07-19,Vagas.com
Analista de Experiência do Cliente (Cx),Zubale,"São Paulo / SP
              



                      A empresa aceita candidaturas de qualquer cidade do Brasil",A combinar,2025-07-19,Vagas.com
Analista Garantia Qualidade Pl - Fábrica,Marjan Farma,"São Paulo / SP
              



                      A empresa aceita candidaturas de qualquer cidade do Brasil",A combinar,2025-07-19,Vagas.com
Analista de Planejamento de Canais Digitais III,Ânima,"São Paulo / SP
              



                      A empresa aceita candidaturas de qualquer cidade do Brasil",A combinar,2025-07-19,Vagas.com
Analista de Recursos Humanos Júnior - Remuneração,UNIÃO QUÍMICA,"Valparaíso de Goiás / GO
              



                      A empresa aceita candidaturas de qualquer cidade do Brasil",A combinar,2025-07-19,Vagas.com
Analista Financeiro Jr - Foco em Crédito,Galvani Fertilizantes,"São Paulo / SP
              



                      A empresa aceita candidaturas de São Paulo e cidades próximas",A combinar,2025-07-19,Vagas.com
Analista de Logística - Agendamento/Tracking,Fiorde Group,"Guarulhos / SP
              



                      A empresa aceita candidaturas de Guarulhos e cidades próximas",A combinar,2025-07-19,Vagas.com
Analista Bioinformata Pl (Genesis Genomics),Grupo Fleury,,A combinar,2025-07-19,Vagas.com
Analista Sr- Controladoria - Corporativo RJ,Rede D'Or,"Rio de Janeiro / RJ
              



                      A empresa aceita candidaturas de qualquer cidade do Brasil",A combinar,2025-07-19,Vagas.com
Analista de Desenvolvimento Analítico Pleno | Compliance,JOBCENTER DO BRASIL LTDA,"Guarulhos / SP
              



                      A empresa aceita candidaturas de Guarulhos e cidades próximas",A combinar,2025-07-19,Vagas.com
Analista de Marketing Pleno (Inteligência Comercial),HD Hyundai Construction Equipment Brazil,"São Paulo / SP
              



                      A empresa aceita apenas candidaturas de São Paulo",A combinar,2025-07-19,Vagas.com
Analista de RH (Benefícios),Grupo Águas do Brasil,"Niterói / RJ
              



                      A empresa aceita candidaturas de Niterói e cidades próximas",A combinar,2025-07-19,Vagas.com
Analista Pl- Controladoria - Corporativo RJ,Rede D'Or,"Rio de Janeiro / RJ
              



                      A empresa aceita candidaturas de qualquer cidade do Brasil",A combinar,2025-07-19,Vagas.com
Analista Bioinformata Jr (Genesis Genomics),Grupo Fleury,"São Paulo / SP
              



                      A empresa aceita candidaturas de qualquer cidade do Brasil",A combinar,2025-07-19,Vagas.com
Analista de RH (Generalista),AZ Consult,"Mauá / SP
              



                      A empresa aceita candidaturas de Mauá e cidades próximas",A combinar,2025-07-19,Vagas.com
Analista de RH (Generalista),AZ Consult,"Ribeirão Preto / SP
              



                      A empresa aceita candidaturas de Ribeirão Preto e cidades próximas",A combinar,2025-07-19,Vagas.com
Analista de Relações com Investidores - Fidc,Reggiani Hunting,"Belo Horizonte / MG
              



                      A empresa aceita candidaturas de qualquer cidade do Brasil",A combinar,2025-07-19,Vagas.com
Analista de Enfermagem do Trabalho Junior (Corporativo),REFIT,"Rio de Janeiro / RJ
              



                      A empresa aceita candidaturas de Rio de Janeiro e cidades próximas",A combinar,2025-07-19,Vagas.com
Analista de Planejamento e Controle da Produção,Confidencial,"Rio de Janeiro / RJ
              



                      A empresa aceita candidaturas de Rio de Janeiro e cidades próximas",A combinar,2025-07-19,Vagas.com
Analista de Planejamento Financeiro (FP&A) Sr.,Nexta Distribuidora,"São Paulo / SP
              



                      A empresa aceita candidaturas de São Paulo e cidades próximas",A combinar,2025-07-19,Vagas.com
Analista de Negócios Sr - Tasy (Sistemas),Hospital São Camilo,"São Paulo / SP
              



                      A empresa aceita candidaturas de São Paulo e cidades próximas",A combinar,2025-07-19,Vagas.com
Analista de Recebimento Fiscal | Financeiro,GWM,"Iracemápolis / SP
              



                      A empresa aceita candidaturas de qualquer cidade do Brasil",A combinar,2025-07-19,Vagas.com
Analista Administrativo - Convênios Governamentais,HOSPITAL PEQUENO PRÍNCIPE,"Curitiba / PR
              



                      A empresa aceita candidaturas de Curitiba e cidades próximas",A combinar,2025-07-19,Vagas.com
Pessoa Analista Suporte Operação I,Rio Mais Saneamento,"São Fidélis / RJ
              



                      A empresa aceita candidaturas de São Fidélis e cidades próximas",A combinar,2025-07-19,Vagas.com
Analista de Growth Mkt e Cro Sr.,Confidencial,"Rio de Janeiro / RJ
              



                      A empresa aceita candidaturas de Rio de Janeiro e cidades próximas",A combinar,2025-07-19,Vagas.com
Analista de Marketing Pleno (trade)- Divinópolis,Master Internet,"Divinópolis / MG
              



                      A empresa aceita candidaturas de Divinópolis e cidades próximas",A combinar,2025-07-19,Vagas.com
Analista de Marketing Pleno (Digital) - Divinópolis,Master Internet,"Divinópolis / MG
              



                      A empresa aceita candidaturas de Divinópolis e cidades próximas",A combinar,2025-07-19,Vagas.com
Analista de Comunicação Interna - Sênior (Temporária),Grupo Nortearh,"São Paulo / SP
              



                      A empresa aceita candidaturas de São Paulo e cidades próximas",A combinar,2025-07-19,Vagas.com
Analista de Comunicação Interna - Sênior (Temporária),Grupo Nortearh,"Belo Horizonte / MG
              



                      A empresa aceita candidaturas de Belo Horizonte e cidades próximas",A combinar,2025-07-19,Vagas.com
Analista de Validação Sr - Processos e Limpeza,Confidencial,"São Paulo / SP
              



                      A empresa aceita candidaturas de qualquer cidade do Brasil",A combinar,2025-07-19,Vagas.com
Pessoa Analista Planejamento Financeiro Sr.,Natulab,"São Paulo / SP
              



                      A empresa aceita candidaturas de São Paulo e cidades próximas",A combinar,2025-07-19,Vagas.com
Vaga de Analista de Tecnologia da Informação,Confidencial,"São João de Meriti / RJ
              



                      A empresa aceita candidaturas de São João de Meriti e cidades próximas",A combinar,2025-07-19,Vagas.com
Analista Sênior de Planejamento e Controle Financeiro,Greenpeace Brasil,"São Paulo / SP
              



                      A empresa aceita candidaturas de São Paulo e cidades próximas",A combinar,2025-07-19,Vagas.com
Analista de Custos e Medições de Projetos,AEON - SERVICOS E COMERCIO DE INFORMATICA LTDA,"Niterói / RJ
              



                      A empresa aceita candidaturas de Niterói e cidades próximas",A combinar,2025-07-19,Vagas.com
Analista Logistica Pl - Planejamento Materiais,LEGRAND BRASIL LTDA,"São Paulo / SP
              



                      A empresa aceita candidaturas de São Paulo e cidades próximas",A combinar,2025-07-19,Vagas.com
Analista de Recursos Humanos - People Analytics,Hospital Vila da Serra,"Nova Lima / MG
              



                      A empresa aceita candidaturas de Nova Lima e cidades próximas",A combinar,2025-07-19,Vagas.com
Analista Sênior de Custos de RH e Indicadores,Confidencial,"São Paulo / SP
              



                      A empresa aceita candidaturas de São Paulo e cidades próximas",A combinar,2025-07-19,Vagas.com
Analista de Compliance I  - Foco em Canal de Denúncias,Confidencial,"Rio de Janeiro / RJ
              



                      A empresa aceita apenas candidaturas de Rio de Janeiro",A combinar,2025-07-19,Vagas.com
Analista de Rhc (Registro Hospitalar/Same),GRAACC,"São Paulo / SP
              



                      A empresa aceita candidaturas de São Paulo e cidades próximas",A combinar,2025-07-19,Vagas.com
Analista Atuarial - CEMED - Volkswagen Anchieta,Rede D'Or,"São Bernardo do Campo / SP
              



                      A empresa aceita candidaturas de qualquer cidade do Brasil",A combinar,2025-07-19,Vagas.com
Analista de Laboratório - Nto - Laboratório Richet,Rede D'Or,"Rio de Janeiro / RJ
              



                      A empresa aceita candidaturas de Rio de Janeiro e cidades próximas",A combinar,2025-07-19,Vagas.com
Analista de Recursos Humanos ( Consultoria Interna),Hospital Vila da Serra,"Nova Lima / MG
              



                      A empresa aceita candidaturas de Nova Lima e cidades próximas",A combinar,2025-07-19,Vagas.com
Analista Pleno de Serviços Administrativos (Gestão de Frota),Hyundai Motor Brasil,"Piracicaba / SP
              



                      A empresa aceita candidaturas de Piracicaba e cidades próximas",A combinar,2025-07-19,Vagas.com
Analista de Marketing Sr - Temporário - Jacarepaguá/RJ,Randstad Brasil,"Rio de Janeiro / RJ
              



                      A empresa aceita candidaturas de Rio de Janeiro e cidades próximas",A combinar,2025-07-19,Vagas.com
Analista de Controle de Qualidade - Pleno - Físico Químico,UNIÃO QUÍMICA,"Pouso Alegre / MG
              



                      A empresa aceita candidaturas de Pouso Alegre e cidades próximas",A combinar,2025-07-19,Vagas.com
Analista de Melhoria Contínua (Genesis Genomics),Grupo Fleury,"São Paulo / SP
              



                      A empresa aceita candidaturas de São Paulo e cidades próximas",A combinar,2025-07-19,Vagas.com
Analista Desenvolvedor de Sistemas Sr – Cobol (as/400 e Db2),Hyundai AutoEver Brasil,"Rio das Pedras / SP
              



                      A empresa aceita candidaturas de qualquer cidade do Brasil",A combinar,2025-07-19,Vagas.com
Analista Inspeção de Qualidade | Inspeção de Qualidade,GWM,"Iracemápolis / SP
              



                      A empresa aceita candidaturas de qualquer cidade do Brasil",A combinar,2025-07-19,Vagas.com
Analista de Educação Corporativa e Desenvolvimento de Pessoas Pleno,Confidencial,"Belo Horizonte / MG
              



                      A empresa aceita candidaturas de Belo Horizonte e cidades próximas",A combinar,2025-07-19,Vagas.com
Analista de Gestão e Operações de Fundos de Investimento Pleno,Ecoagro,"São Paulo / SP
              



                      A empresa aceita candidaturas de São Paulo e cidades próximas",A combinar,2025-07-19,Vagas.com
Analista de Projetos - Engenheiro Civil Ou Mecânica,Confidencial,"Rio de Janeiro / RJ
              



                      A empresa aceita candidaturas de Rio de Janeiro e cidades próximas",A combinar,2025-07-19,Vagas.com
Analista de Marketing Pleno (Web Front End),Hotéis Deville,"Curitiba / PR
              



                      A empresa aceita candidaturas de Curitiba e cidades próximas",A combinar,2025-07-19,Vagas.com
Analista Sr - Suprimentos Diretos (Inteligência) - Corporativo RJ,Rede D'Or,"Rio de Janeiro / RJ
              



                      A empresa aceita candidaturas de Rio de Janeiro e cidades próximas",A combinar,2025-07-19,Vagas.com
Analista de Planejamento Jr - Ghm Estratégico - Corporativo SP,Rede D'Or,"São Paulo / SP
              



                      A empresa aceita candidaturas de São Paulo e cidades próximas",A combinar,2025-07-19,Vagas.com
Analista de Recursos Humanos - Foco em Treinamento & Desenvolvimento,RHMG - Consultoria e Assessoria em Recursos Humanos,"São Roque / SP
              



                      A empresa aceita candidaturas de São Roque e cidades próximas",A combinar,2025-07-19,Vagas.com
Analista - Planejamento e Performance - Hospital São Rafael,Rede D'Or,"Salvador / BA
              



                      A empresa aceita candidaturas de Salvador e cidades próximas",A combinar,2025-07-19,Vagas.com
Analista de RH Jr - RH - Guarulhos,Rede D'Or,"São Paulo / SP
              



                      A empresa aceita candidaturas de São Paulo e cidades próximas",A combinar,2025-07-19,Vagas.com
Analista de Relacionamento e Parceria - Juiz de Fora/MG,Rede Cidadã,"Juiz de Fora / MG
              



                      A empresa aceita candidaturas de Juiz de Fora e cidades próximas",A combinar,2025-07-19,Vagas.com
Analista de Laboratório - Laboratório Hospital - Anália Franco,Rede D'Or,"São Paulo / SP
              



                      A empresa aceita candidaturas de São Paulo e cidades próximas",A combinar,2025-07-19,Vagas.com
"Analista de Suprimentos Sênior - Pinheiros, SP (Segmento Hospitalar)",Confidencial,"São Paulo / SP
              



                      A empresa aceita apenas candidaturas de São Paulo",A combinar,2025-07-19,Vagas.com
Analista Sr de Comunicação Interna (Foco em Cultura Corporativa),Hyundai Motor Brasil,"Piracicaba / SP
              



                      A empresa aceita candidaturas de qualquer cidade do Brasil",A combinar,2025-07-19,Vagas.com
Analista Sr Marketing (Inteligência de Mercado) - Barra da Tijuca - RJ,White Martins,"Rio de Janeiro / RJ
              



                      A empresa aceita apenas candidaturas de Rio de Janeiro",A combinar,2025-07-19,Vagas.com
Analista Administrativo (Orçamento de Manutenção e Controle Financeiro de Projetos),TIVIT,"Fortaleza / CE
              



                      A empresa aceita candidaturas de Fortaleza e cidades próximas",A combinar,2025-07-19,Vagas.com
Analista de RH (foco Adm. Pessoal e Benefícios),MAGNA Executive Search,"Indaiatuba / SP
              



                      A empresa aceita candidaturas de Indaiatuba e cidades próximas",A combinar,2025-07-19,Vagas.com
Analista de Laboratório (Bioquímica Ou Imunologia e Hormônio) - Nto - Richet,Rede D'Or,"Rio de Janeiro / RJ
              



                      A empresa aceita candidaturas de Rio de Janeiro e cidades próximas",A combinar,2025-07-19,Vagas.com
Analista de Planejamento Sr - Controle de Operações / Controladoria - Corporativo RJ,Rede D'Or,"Rio de Janeiro / RJ
              



                      A empresa aceita candidaturas de qualquer cidade do Brasil",A combinar,2025-07-19,Vagas.com
Analista Suporte TI Sênior (  Field Service) - Inspirali SP,Inspirali,"São Paulo / SP
              



                      A empresa aceita candidaturas de São Paulo e cidades próximas",A combinar,2025-07-19,Vagas.com
Analista de Processos (BPM & Ia) | Projeto Transformação Digital,Confidencial,"Vitória / ES
              



                      A empresa aceita candidaturas de qualquer cidade do Brasil",A combinar,2025-07-19,Vagas.com
Analista Ambiental Pleno / Sênior (VAGA Extensiva para Pessoas com Deficiência),Concremat,"Rio de Janeiro / RJ
              



                      A empresa aceita candidaturas de Rio de Janeiro e cidades próximas",A combinar,2025-07-19,Vagas.com
Analista de Qualidade Jr - Vaga Afirmativa para Pessoas com Deficiência,Natura,"Murici / AL
              



                      A empresa aceita candidaturas de Murici e cidades próximas",A combinar,2025-07-19,Vagas.com
Analista de Monitoramento de Regras e Cadastro Pl – Regras e Cadastro - Corporativo RJ,Rede D'Or,"Rio de Janeiro / RJ
              



                      A empresa aceita candidaturas de qualquer cidade do Brasil",A combinar,2025-07-19,Vagas.com
Analista de Inteligência Comercial -  Vaga Exclusiva para Pessoas com Deficiência,GERDAU,"São Paulo / SP
              



                      A empresa aceita candidaturas de São Paulo e cidades próximas",A combinar,2025-07-19,Vagas.com
Analista Pleno - Regras Comerciais & Cadastro – Monitoramento de Itens - Corporativo RJ,Rede D'Or,"Rio de Janeiro / RJ
              



                      A empresa aceita candidaturas de qualquer cidade do Brasil",A combinar,2025-07-19,Vagas.com
Analista de Contas Médicas - Faturamento - Oncologia D'Or Unid. Acreditar,Rede D'Or,"Brasília / DF
              



                      A empresa aceita candidaturas de Brasília e cidades próximas",A combinar,2025-07-19,Vagas.com
Analista Contábil Sênior Bilíngue - Vaga Afirmativa Também para o Público Pcd - 95029,Manpower,"São Paulo / SP
              



                      A empresa aceita candidaturas de São Paulo e cidades próximas",A combinar,2025-07-19,Vagas.com
Analista Sr de Processos e Projetos - Controladoria - Gestão de Processos de Negócio - Corporativo RJ,Rede D'Or,"Rio de Janeiro / RJ
              



                      A empresa aceita candidaturas de qualquer cidade do Brasil",A combinar,2025-07-19,Vagas.com
Analista de TI - Segurança Cibernética ((VAGA Extensiva para Pessoas com Deficiência),Confidencial,"São Paulo / SP
              



                      A empresa aceita candidaturas de São Paulo e cidades próximas",A combinar,2025-07-19,Vagas.com
Analista de Relacionamento e Parcerias | Suporte Estratégico Às Operações de Vendas e Pós-Vendas Administrativo,Rede Cidadã,"Juiz de Fora / MG
              



                      A empresa aceita candidaturas de Juiz de Fora e cidades próximas",A combinar,2025-07-19,Vagas.com
Auxiliar de Recursos Humanos I,Confidencial,"Nova Iguaçu / RJ
              



                      A empresa aceita candidaturas de Nova Iguaçu e cidades próximas",A combinar,2025-07-19,Vagas.com
Estagio em Garantia de Qualidade,Axalta Coating Systems,"Guarulhos / SP
              



                      A empresa aceita candidaturas de Guarulhos e cidades próximas",A combinar,2025-07-19,Vagas.com
Coordenador de Treinamento e Desenvolvimento - (Vaga Elegível para Pcd),SuperVia,"Rio de Janeiro / RJ
              



                      A empresa aceita candidaturas de Rio de Janeiro e cidades próximas",A combinar,2025-07-19,Vagas.com
Estagiário(a) de Projetos e Negócios,EZTECH TECNOLOGIA E AUTOMAÇÃO LTDA,"Rio de Janeiro / RJ
              



                      A empresa aceita apenas candidaturas de Rio de Janeiro",A combinar,2025-07-19,Vagas.com
Assistente de Recrutamento e Seleção,Grupo VPA,"Belo Horizonte / MG
              



                      A empresa aceita candidaturas de Belo Horizonte e cidades próximas",A combinar,2025-07-19,Vagas.com
Engenheiro(a) de Manutenção e Confiabilidade Sr. - São Paulo / SP,InterCement Brasil S.A,"São Paulo / SP
              



                      A empresa aceita candidaturas de qualquer cidade do Brasil",A combinar,2025-07-19,Vagas.com
"Data Analyst
Data Analyst with verification",Bitso,América Latina (Remoto),A combinar,,LinkedIn
"Analista de BI Senior
Analista de BI Senior with verification",Scanntech Uruguay,América Latina (Remoto),A combinar,,LinkedIn
"Business Intelligence Analyst - Remote
Business Intelligence Analyst - Remote",INDI Staffing Services,América Latina (Remoto),A combinar,,LinkedIn
"Analista de datos
Analista de datos with verification",Softtek,México (Remoto),A combinar,,LinkedIn
"Data Analyst-PowerBI
Data Analyst-PowerBI with verification",Capgemini Engineering,México (Remoto),A combinar,,LinkedIn
"Technical Operations Analyst
Technical Operations Analyst",Property Leads,México (Remoto),A combinar,,LinkedIn
"FBS Data Analyst-PowerBI
FBS Data Analyst-PowerBI with verification",Capgemini,México (Remoto),A combinar,,LinkedIn
"Freelance AI Agent Assistant
Freelance AI Agent Assistant",Mindrift,México (Remoto),A combinar,,LinkedIn
"Generalist (MX,Mexico)
Generalist (MX,Mexico)",start.ai,México (Remoto),A combinar,,LinkedIn
"Data Analyst : A/B-tests and customer onboarding (Remote)
Data Analyst : A/B-tests and customer onboarding (Remote)",Constructor,México (Remoto),A combinar,,LinkedIn
"Remote Opportunity (Online Data Analyst Spanish Speaker)
Remote Opportunity (Online Data Analyst Spanish Speaker) with verification",TELUS Digital AI Data Solutions,"Hidalgo, México (Remoto)",A combinar,,LinkedIn
"Data Scientist - Gen AI / QA
Data Scientist - Gen AI / QA",Jobgether,América Latina (Remoto),A combinar,,LinkedIn
"Data Scientist with expertise in Prompt Engineering and Generative AI
Data Scientist with expertise in Prompt Engineering and Generative AI",Halo Media,América Latina (Remoto),A combinar,,LinkedIn
"Business Intelligence Analyst
Business Intelligence Analyst with verification",Mitratech,México (Remoto),A combinar,,LinkedIn
"WFH Online Data Analyst (Part-time Opportunity)
WFH Online Data Analyst (Part-time Opportunity) with verification",TELUS Digital AI Data Solutions,"Hidalgo, México (Remoto)",A combinar,,LinkedIn
"Data Scientist (MMM)
Data Scientist (MMM) with verification",Andela,América Latina (Remoto),A combinar,,LinkedIn
"Catalog Analyst
Catalog Analyst with verification","First Brands Group, LLC",México (Remoto),A combinar,,LinkedIn
"Senior Data and BI Analyst
Senior Data and BI Analyst with verification",EPAM Systems,México (Remoto),A combinar,,LinkedIn
"FBS Associate Decision Scientist
FBS Associate Decision Scientist with verification",Capgemini,México (Remoto),A combinar,,LinkedIn
"AI Data Scientist
AI Data Scientist","The Green Technology Group, LLC",América do Norte (Remoto),A combinar,,LinkedIn
"IBM TM1 Developer
IBM TM1 Developer",Code17Tek,México (Remoto),A combinar,,LinkedIn
"WFH | Online Data Analyst - Spanish Speaker in Mexico
WFH | Online Data Analyst - Spanish Speaker in Mexico with verification",TELUS Digital AI Data Solutions,"Hidalgo, México (Remoto)",A combinar,,LinkedIn
"Senior Data Integration Analyst
Senior Data Integration Analyst with verification",EPAM Systems,México (Remoto),A combinar,,LinkedIn
"FBS Product Analyst Customer Retention
FBS Product Analyst Customer Retention with verification",Capgemini,México (Remoto),A combinar,,LinkedIn
"Research Sales
Research Sales",Hire With Near,América Latina (Remoto),A combinar,,LinkedIn
"FBS Decision Science Manager (Data Science Manager)
FBS Decision Science Manager (Data Science Manager) with verification",Capgemini,México (Remoto),A combinar,,LinkedIn
"Lead Data Analyst
Lead Data Analyst with verification",EPAM Systems,México (Remoto),A combinar,,LinkedIn
"Data Scientist
Data Scientist with verification",Autodesk,México (Remoto),A combinar,,LinkedIn
"Data Partner - Basic Medical Science - Remote - North America
Data Partner - Basic Medical Science - Remote - North America with verification",TELUS Digital AI Data Solutions,México (Remoto),A combinar,,LinkedIn
"Chief Data and BI Analyst
Chief Data and BI Analyst with verification",EPAM Systems,México (Remoto),A combinar,,LinkedIn
"Lead Data and BI Analyst
Lead Data and BI Analyst with verification",EPAM Systems,México (Remoto),A combinar,,LinkedIn
"Senior Data Analyst
Senior Data Analyst with verification",EPAM Systems,México (Remoto),A combinar,,LinkedIn
"Lead Data Integration Analyst
Lead Data Integration Analyst with verification",EPAM Systems,México (Remoto),A combinar,,LinkedIn
