titulo,empresa,localizacao,salario,fonte
"Data Analyst
Data Analyst with verification",Bitso,América Latina (Remoto),A combinar,LinkedIn
"Analista de BI Senior
Analista de BI Senior with verification",Scanntech Uruguay,América Latina (Remoto),A combinar,LinkedIn
"Business Intelligence Analyst - Remote
Business Intelligence Analyst - Remote",INDI Staffing Services,América Latina (Remoto),A combinar,LinkedIn
"Analista de datos
Analista de datos with verification",Softtek,México (Remoto),A combinar,LinkedIn
"Data Analyst-PowerBI
Data Analyst-PowerBI with verification",Capgemini Engineering,México (Remoto),A combinar,LinkedIn
"Technical Operations Analyst
Technical Operations Analyst",Property Leads,México (Remoto),A combinar,LinkedIn
"FBS Data Analyst-PowerBI
FBS Data Analyst-PowerBI with verification",Capgemini,México (Remoto),A combinar,LinkedIn
"Freelance AI Agent Assistant
Freelance AI Agent Assistant",Mindrift,México (Remoto),A combinar,LinkedIn
"Generalist (MX,Mexico)
Generalist (MX,Mexico)",start.ai,México (Remoto),A combinar,LinkedIn
"Data Analyst : A/B-tests and customer onboarding (Remote)
Data Analyst : A/B-tests and customer onboarding (Remote)",Constructor,México (Remoto),A combinar,LinkedIn
"Remote Opportunity (Online Data Analyst Spanish Speaker)
Remote Opportunity (Online Data Analyst Spanish Speaker) with verification",TELUS Digital AI Data Solutions,"Hidalgo, México (Remoto)",A combinar,LinkedIn
"Data Scientist - Gen AI / QA
Data Scientist - Gen AI / QA",Jobgether,América Latina (Remoto),A combinar,LinkedIn
"Data Scientist with expertise in Prompt Engineering and Generative AI
Data Scientist with expertise in Prompt Engineering and Generative AI",Halo Media,América Latina (Remoto),A combinar,LinkedIn
"Business Intelligence Analyst
Business Intelligence Analyst with verification",Mitratech,México (Remoto),A combinar,LinkedIn
"WFH Online Data Analyst (Part-time Opportunity)
WFH Online Data Analyst (Part-time Opportunity) with verification",TELUS Digital AI Data Solutions,"Hidalgo, México (Remoto)",A combinar,LinkedIn
"Data Scientist (MMM)
Data Scientist (MMM) with verification",Andela,América Latina (Remoto),A combinar,LinkedIn
"Catalog Analyst
Catalog Analyst with verification","First Brands Group, LLC",México (Remoto),A combinar,LinkedIn
"Senior Data and BI Analyst
Senior Data and BI Analyst with verification",EPAM Systems,México (Remoto),A combinar,LinkedIn
"FBS Associate Decision Scientist
FBS Associate Decision Scientist with verification",Capgemini,México (Remoto),A combinar,LinkedIn
"AI Data Scientist
AI Data Scientist","The Green Technology Group, LLC",América do Norte (Remoto),A combinar,LinkedIn
"IBM TM1 Developer
IBM TM1 Developer",Code17Tek,México (Remoto),A combinar,LinkedIn
"WFH | Online Data Analyst - Spanish Speaker in Mexico
WFH | Online Data Analyst - Spanish Speaker in Mexico with verification",TELUS Digital AI Data Solutions,"Hidalgo, México (Remoto)",A combinar,LinkedIn
"Senior Data Integration Analyst
Senior Data Integration Analyst with verification",EPAM Systems,México (Remoto),A combinar,LinkedIn
"FBS Product Analyst Customer Retention
FBS Product Analyst Customer Retention with verification",Capgemini,México (Remoto),A combinar,LinkedIn
"Research Sales
Research Sales",Hire With Near,América Latina (Remoto),A combinar,LinkedIn
"FBS Decision Science Manager (Data Science Manager)
FBS Decision Science Manager (Data Science Manager) with verification",Capgemini,México (Remoto),A combinar,LinkedIn
"Lead Data Analyst
Lead Data Analyst with verification",EPAM Systems,México (Remoto),A combinar,LinkedIn
"Data Scientist
Data Scientist with verification",Autodesk,México (Remoto),A combinar,LinkedIn
"Data Partner - Basic Medical Science - Remote - North America
Data Partner - Basic Medical Science - Remote - North America with verification",TELUS Digital AI Data Solutions,México (Remoto),A combinar,LinkedIn
"Chief Data and BI Analyst
Chief Data and BI Analyst with verification",EPAM Systems,México (Remoto),A combinar,LinkedIn
"Lead Data and BI Analyst
Lead Data and BI Analyst with verification",EPAM Systems,México (Remoto),A combinar,LinkedIn
"Senior Data Analyst
Senior Data Analyst with verification",EPAM Systems,México (Remoto),A combinar,LinkedIn
"Lead Data Integration Analyst
Lead Data Integration Analyst with verification",EPAM Systems,México (Remoto),A combinar,LinkedIn
