titulo,empresa,localizacao,salario,data_coleta
Analista de Dados Sênior,Proativa RH,N/A,A combinar,2025-07-18
Analista de Dados Financeiros,Confidencial,N/A,A combinar,2025-07-18
Analista de Dados (Databricks),TO Brasil Consultoria em Tecnologia da Informação,N/A,A combinar,2025-07-18
Analista de Dados e Performance,Universia,N/A,A combinar,2025-07-18
Analista de Dados de Vendas,Hyundai Mobis Brasil,N/A,A combinar,2025-07-18
Analista de Privacidade de Dados Sênior,iestro,N/A,A combinar,2025-07-18
Analista de Dados Pleno / Senior - TI,Epimed Solutions,N/A,A combinar,2025-07-18
Analista de Dados Sr - Bi,OceanPact Serviços Maritimos S.A,N/A,A combinar,2025-07-18
10872 - Analista de Banco de Dados Sênior,Confidencial,N/A,A combinar,2025-07-18
Analista Ciência de Dados I,Universidade Anhembi Morumbi,N/A,A combinar,2025-07-18
Analista Planejamento e Informacoes Pl (Analista de Dados),SulAmérica,N/A,A combinar,2025-07-18
Analista de Dados e Melhorias - Prevenção e Perdas,Mercado Livre,N/A,A combinar,2025-07-18
Analista Sr - Qualidade (Gestão de Dados) - Corporativo RJ,Rede D'Or,N/A,A combinar,2025-07-18
Analista Sr - Qualidade (Gestão de Dados) - Corporativo SP,Rede D'Or,N/A,A combinar,2025-07-18
Analista de Dados (VAGA Extensiva para Pessoas com Deficiência),Concremat,N/A,A combinar,2025-07-18
Analista Sr / Analista de Dados  - Serviços Compartilhados PE - Hospital Esperança Recife,Rede D'Or,N/A,A combinar,2025-07-18
Analista de B.i - Sênior,Convergint Brasil,N/A,A combinar,2025-07-18
Analista de Sistemas Pl,Marjan Farma,N/A,A combinar,2025-07-18
Analista de Sistemas,Grupo Nortearh,N/A,A combinar,2025-07-18
Analista de Remuneração,ASSAÍ ATACADISTA,N/A,A combinar,2025-07-18
Analista - Excel,Confidencial,N/A,A combinar,2025-07-18
Analista de Projetos - 026450,Lyon Engenharia,N/A,A combinar,2025-07-18
Analista de Geoprocessamento Jr - 044249,Fundepag,N/A,A combinar,2025-07-18
Analista de Marketing,Confidencial,N/A,A combinar,2025-07-18
Analista de Projetos Jr,União Química Farmacêutica Nacional S/A,N/A,A combinar,2025-07-18
Analista de Controladoria,Confidencial,N/A,A combinar,2025-07-18
Analista de Planejamento Pl,Confidencial,N/A,A combinar,2025-07-18
Analista de Almoxarifado Jr,Logfit,N/A,A combinar,2025-07-18
Analista Florestal Pleno,Arauco do Brasil,N/A,A combinar,2025-07-18
Analista de Orçamento Júnior,Pacaembu Construtora,N/A,A combinar,2025-07-18
Analista de Sistemas,Tecfil Filtros,N/A,A combinar,2025-07-18
10856 - Analista de Faturamento,Talent Group,N/A,A combinar,2025-07-18
10864 - Analista de Faturamento,Talent Group,N/A,A combinar,2025-07-18
Analista de Qualidade,Lyon Engenharia,N/A,A combinar,2025-07-18
Analista de Remuneração Jr,Frescatto,N/A,A combinar,2025-07-18
Analista Fiscal,Andreani Logística,N/A,A combinar,2025-07-18
Analista Fiscal Pleno,Grupo Guanabara,N/A,A combinar,2025-07-18
Analista de Processos,Grupo Guanabara,N/A,A combinar,2025-07-18
Analista Financeiro,Confidencial,N/A,A combinar,2025-07-18
Analista Sênior de Parametrização,Stellantis Saúde,N/A,A combinar,2025-07-18
Analista Administrativo Jr.,Confidencial,N/A,A combinar,2025-07-18
Analista de Estatistica,JOBCENTER DO BRASIL LTDA,N/A,A combinar,2025-07-18
Analista Financeiro,J&T Express,N/A,A combinar,2025-07-18
Analista de Projetos 026454/026453,Lyon Engenharia,N/A,A combinar,2025-07-18
Analista de Laboratório Jr,Merieux Nutrisciences,N/A,A combinar,2025-07-18
Analista Fiscal,Bom Futuro,N/A,A combinar,2025-07-18
Analista de Crédito,Arteca Industrial Têxtil SA,N/A,A combinar,2025-07-18
Analista de Custos,Confidencial,N/A,A combinar,2025-07-18
Analista de Qualidade,Frescatto,N/A,A combinar,2025-07-18
Analista Marketing III,Confidencial,N/A,A combinar,2025-07-18
Analista de Marketing,METROVAL CONTROLE DE FLUIDOS LTDA,N/A,A combinar,2025-07-18
Analista Custos Sr,Grupo Profarma | Rede d1000,N/A,A combinar,2025-07-18
Analista de Projetos,Andreani Logística,N/A,A combinar,2025-07-18
Analista de Exportação Jr,DHL Express,N/A,A combinar,2025-07-18
Analista Tributário Jr,Confidencial,N/A,A combinar,2025-07-18
Analista Fiscal,Synchro,N/A,A combinar,2025-07-18
Analista Técnico,ERG Engenharia,N/A,A combinar,2025-07-18
Analista de Controladoria Sênior,Liotécnica Tecnologia em Alimentos SA,N/A,A combinar,2025-07-18
Analista de Custos Pleno,Confidencial,N/A,A combinar,2025-07-18
Analista de Controladoria Pleno,Confidencial,N/A,A combinar,2025-07-18
Analista Comercial Pleno,Lyon Engenharia,N/A,A combinar,2025-07-18
Analista de Sistemas I,Hospital Pequeno Príncipe,N/A,A combinar,2025-07-18
Analista Acadêmico I,Ânima,N/A,A combinar,2025-07-18
Analista Marketing II,Confidencial,N/A,A combinar,2025-07-18
Analista de Seop Sr,União Química Farmacêutica Nacional S/A,N/A,A combinar,2025-07-18
Analista de Controladoria Sênior,hcor,N/A,A combinar,2025-07-18
Analista de Ativos Sênior,EDF power solutions,N/A,A combinar,2025-07-18
10860 - Analista de Redes,Talent Group,N/A,A combinar,2025-07-18
Analista de Seop Pleno,União Química Farmacêutica Nacional S/A,N/A,A combinar,2025-07-18
Analista Contábil Pleno,Grupo Guanabara,N/A,A combinar,2025-07-18
Analista de Qualidade Jr,TIVIT,N/A,A combinar,2025-07-18
Analista de PCP Jr,Confidencial,N/A,A combinar,2025-07-18
Analista de Controladoria Sr,Grupo Technos,N/A,A combinar,2025-07-18
Analista de Performance,XCMG Brasil Indústria,N/A,A combinar,2025-07-18
Analista de Marketing II,Confidencial,N/A,A combinar,2025-07-18
Analista de Projetos Sr.,JOBCENTER DO BRASIL LTDA,N/A,A combinar,2025-07-18
Analista de Marketing Pl,Eternit,N/A,A combinar,2025-07-18
Analista Contábil,Perim Distribuidora,N/A,A combinar,2025-07-18
Analista Contábil,Hyundai Mobis Brasil,N/A,A combinar,2025-07-18
Analista Contábil,Grupo SERES,N/A,A combinar,2025-07-18
Analista de FP&A,CLAMPER,N/A,A combinar,2025-07-18
Analista de Qualidade,Hyundai Mobis Brasil,N/A,A combinar,2025-07-18
Analista Financeiro Sênior,BDG Serviços Financeiros,N/A,A combinar,2025-07-18
Analista de Logística,Andreani Logística,N/A,A combinar,2025-07-18
Analista de Suprimentos Pl,SulAmérica,N/A,A combinar,2025-07-18
Analista de Sistemas,J&T Express,N/A,A combinar,2025-07-18
Analista Comercial Júnior,Direcional,N/A,A combinar,2025-07-18
Analista de Projetos Sr,OceanPact,N/A,A combinar,2025-07-18
Analista Fiscal Sr,Marjan Farma,N/A,A combinar,2025-07-18
Analista Comercial,Syntegon Telstar Brasil,N/A,A combinar,2025-07-18
Analista de Qualidade,Confidencial,N/A,A combinar,2025-07-18
Analista de Contabilidade Pleno,Confidencial,N/A,A combinar,2025-07-18
Analista da Qualidade,TekniPlex Materials Science Solutions,N/A,A combinar,2025-07-18
Analista Controladoria Sr,Confidencial,N/A,A combinar,2025-07-18
Analista Crédito Jr,Icatu Vanguarda,N/A,A combinar,2025-07-18
Analista de Qualidade,ConVeyBelts,N/A,A combinar,2025-07-18
Analista de CRM,SimpleLab,N/A,A combinar,2025-07-18
Analista de Produto,SimpleLab,N/A,A combinar,2025-07-18
Analista de Marketing,Pacaembu Construtora,N/A,A combinar,2025-07-18
Analista de Infraestrutura,HOSPITAL PEQUENO PRÍNCIPE,N/A,A combinar,2025-07-18
Analista Fiscal Sênior,CPFL Energia,N/A,A combinar,2025-07-18
Analista de S&op,Tele Rio,N/A,A combinar,2025-07-18
Analista Laboratorio,bp bioenergy,N/A,A combinar,2025-07-18
Analista de Processos Sênior,The Adecco Group,N/A,A combinar,2025-07-18
Analista de Ssma Pleno,Confidencial,N/A,A combinar,2025-07-18
Analista de Qualidade,Sillion Serviços de Tecnologia LTDA,N/A,A combinar,2025-07-18
Analista de Controladoria Pleno,HarperCollins Brasil,N/A,A combinar,2025-07-18
Analista de Ouvidoria II,Grupo Fleury,N/A,A combinar,2025-07-18
Analista de Autorregulação II,Confidencial,N/A,A combinar,2025-07-18
Analista Comercial,MSC Mediterranean Shipping Company,N/A,A combinar,2025-07-18
Analista Custos Sênior,hcor,N/A,A combinar,2025-07-18
Analista de Planejamento Sênior,MetrôRio,N/A,A combinar,2025-07-18
Analista de Marketing III,Confidencial,N/A,A combinar,2025-07-18
Analista de Projetos,Hospital da Baleia,N/A,A combinar,2025-07-18
Analista de Infraestrutura,Penso Tecnologia,N/A,A combinar,2025-07-18
Analista Bi Pleno -  Inspirali,Inspirali,N/A,A combinar,2025-07-18
Analista de Business Intelligence,Fundação Getulio Vargas,N/A,A combinar,2025-07-18
Analista de Inteligência de Negócios Sr.,SGR,N/A,A combinar,2025-07-18
Analista de Folha de Pagamento Sr,KGS - Kidde Global Solutions,N/A,A combinar,2025-07-18
Analista de Inteligência Comercial,Confidencial,N/A,A combinar,2025-07-18
Analista de Desenvolvimento Analítico Sênior,UNIÃO QUÍMICA,N/A,A combinar,2025-07-18
Analista de Operações | Telemetria,JOBCENTER DO BRASIL LTDA,N/A,A combinar,2025-07-18
Analista de Mercado Financeiro I,EDITORA GLOBO,N/A,A combinar,2025-07-18
Analista de Contas a Receber Sênior,Confidencial,N/A,A combinar,2025-07-18
Analista de Planejamento Comercial Sr,Confidencial,N/A,A combinar,2025-07-18
Analista Comercial Corporativo Sênior,Grupo Águas do Brasil,N/A,A combinar,2025-07-18
Analista de Processos Comerciais Sênior,Melitta South America,N/A,A combinar,2025-07-18
Analista de Expansão de Franquias,Cultura Inglesa,N/A,A combinar,2025-07-18
10863 - Analista de Finanças e Contabilidade Pl,Talent Group,N/A,A combinar,2025-07-18
Analista de Inteligência Comercial Sênior,Tangará,N/A,A combinar,2025-07-18
Analista de Integrações Tasy,Hospital São Camilo,N/A,A combinar,2025-07-18
Analista Contr Agroindustrial Pl,bp bioenergy,N/A,A combinar,2025-07-18
Analista de Administração de Pessoal,Irani Papel e Embalagem S.A,N/A,A combinar,2025-07-18
Analista de Manutenção - Volante,Mercado Livre,N/A,A combinar,2025-07-18
Analista de Sistemas Pleno - Backend,OceanPact Serviços Maritimos S.A,N/A,A combinar,2025-07-18
Analista de Inteligência Comercial Pleno,União Química Farmacêutica Nacional S/A,N/A,A combinar,2025-07-18
Analista de PMO Sr - Produtos,Marjan Farma,N/A,A combinar,2025-07-18
Analista de Planejamento Comercial,Manpower,N/A,A combinar,2025-07-18
Analista Folha de Pagamento Sr,KGS - Kidde Global Solutions,N/A,A combinar,2025-07-18
Analista Administrativo Financeiro,Casa Aliança Padaria Gourmet,N/A,A combinar,2025-07-18
Analista de Contas a Pagar Sênior,Confidencial,N/A,A combinar,2025-07-18
Analista de Novos Negócios Pl.,Marjan Farma,N/A,A combinar,2025-07-18
Analista de Negócios de TI Júnior,AGEO Terminais e Armazéns Gerais,N/A,A combinar,2025-07-18
Analista de Sistema .net,Personale Consultoria de RH,N/A,A combinar,2025-07-18
Analista de Sales Operations Sênior,B&P Desenvolvimento Humano,N/A,A combinar,2025-07-18
Analista de SAP Pm,Confidencial,N/A,A combinar,2025-07-18
Analista de Gestão de Redes Sênior,J&T Express,N/A,A combinar,2025-07-18
Analista Inteligência de Mercado,Confidencial,N/A,A combinar,2025-07-18
Analista de Logística | Sistemas,GWM,N/A,A combinar,2025-07-18
Analista de Logística - | Inventário,GWM,N/A,A combinar,2025-07-18
Analista de Controle de Qualidade Jr,UNIÃO QUÍMICA,N/A,A combinar,2025-07-18
Analista de Inteligência de Mercado Sr.,XCMG Brasil Indústria,N/A,A combinar,2025-07-18
10867 - Analista de Governança de TI,Talent Group,N/A,A combinar,2025-07-18
Analista de Assuntos Regulatórios Pleno,Frescatto,N/A,A combinar,2025-07-18
Analista de Marketing Pleno (CRM),Icatu Seguros,N/A,A combinar,2025-07-18
Analista de Operações de Loja,Confidencial,N/A,A combinar,2025-07-18
Analista de Crédito e Cobrança Sr,Vertiv Tecnologia do Brasil Ltda,N/A,A combinar,2025-07-18
Analista Garantia da Qualidade Jr,DFL Indústria e Comércio S/A,N/A,A combinar,2025-07-18
10861 - Analista Desenvolvedor Fullstack,Talent Group,N/A,A combinar,2025-07-18
Analista de Operações Comerciais III,Confidencial,N/A,A combinar,2025-07-18
Analista de Compras (Capex),ASSAÍ ATACADISTA,N/A,A combinar,2025-07-18
Analista Controladoria Estoque II,AMAGGI,N/A,A combinar,2025-07-18
Analista Controladoria Estoque III,AMAGGI,N/A,A combinar,2025-07-18
Analista de Melhoria Contínua,Mercado Livre,N/A,A combinar,2025-07-18
Analista de Planejamento e Orçamento Jr,EDF power solutions,N/A,A combinar,2025-07-18
Analista de Recursos Humanos,Confidencial,N/A,A combinar,2025-07-18
Analista de Controles Internos II,JOBCENTER DO BRASIL LTDA,N/A,A combinar,2025-07-18
Analista de Melhoria Contínua Pleno,DHL Express,N/A,A combinar,2025-07-18
Analista de Custos (FP&A),Zambon,N/A,A combinar,2025-07-18
Analista Desenvolvedor Oracle,Confidencial,N/A,A combinar,2025-07-18
Analista de Logistica Industrial,EssilorLuxottica,N/A,A combinar,2025-07-18
Analista de Infraestrutura de TI,Selpe,N/A,A combinar,2025-07-18
Analista de Qualidade e Desenvolvimento III,Cultura Inglesa,N/A,A combinar,2025-07-18
Analista de Cadastros de Materiais,OceanPact Serviços Maritimos S.A,N/A,A combinar,2025-07-18
Analista de Recursos Humanos,Azevedo & Travassos S/A pela subsidiária Heftos,N/A,A combinar,2025-07-18
Analista de Testes QA,Alliança Recursos Humanos,N/A,A combinar,2025-07-18
Analista de Logística e Distribuição Jr,The Adecco Group,N/A,A combinar,2025-07-18
Analista Apoio Vendas Pl,SulAmérica,N/A,A combinar,2025-07-18
Analista de Inteligência de Mercado Pl,Marjan Farma,N/A,A combinar,2025-07-18
Pessoa Analista Comercial II,Rio Mais Saneamento,N/A,A combinar,2025-07-18
Analista de Fundos (Passivo),Ativa Investimentos,N/A,A combinar,2025-07-18
Analista de Planejamento de Peças,XCMG Brasil Indústria,N/A,A combinar,2025-07-18
Analista de Negócios Internacionais,XCMG Brasil Indústria,N/A,A combinar,2025-07-18
Analista de Planejamento e Abastecimento Jr,Grupo Technos,N/A,A combinar,2025-07-18
Analista de Costumer Success,Woli Tecnologia,N/A,A combinar,2025-07-18
Analista de Planejamento Financeiro Pleno,Liotécnica Tecnologia em Alimentos SA,N/A,A combinar,2025-07-18
Analista Desenvolvimento da Qualidade Pleno,Confidencial,N/A,A combinar,2025-07-18
Analista de Custos Logísticos,Fiorde Group,N/A,A combinar,2025-07-18
Analista de Administração Pessoal Jr,Confidencial,N/A,A combinar,2025-07-18
Analista Segurança Trabalho Jr,CMOC Brasil,N/A,A combinar,2025-07-18
Analista de Negócios (Palmas),AllCare Gestora de Saúde,N/A,A combinar,2025-07-18
Analista de Departamento Pessoal,Amigos do Bem,N/A,A combinar,2025-07-18
Analista de Excelência em Processos Jr,Marjan Farma,N/A,A combinar,2025-07-18
Analista de Desenvolvimento de Produtos I,CLAMPER,N/A,A combinar,2025-07-18
Analista Administrativo Jr| Produção,GWM,N/A,A combinar,2025-07-18
Analista Relacionamento Prestadores Jr,SulAmérica,N/A,A combinar,2025-07-18
Analista Financeiro Sr - Faturamento,Confidencial,N/A,A combinar,2025-07-18
Analista de Marketing Digital Pl,Marjan Farma,N/A,A combinar,2025-07-18
Analista Pl de Compras Técnicas,Hyundai Motor Brasil,N/A,A combinar,2025-07-18
Analista Médico Científico Sr,Marjan Farma,N/A,A combinar,2025-07-18
Analista Depart. Clínico Pl,DFL Indústria e Comércio S/A,N/A,A combinar,2025-07-18
Analista de Finanças (Pricing),Wella Company,N/A,A combinar,2025-07-18
Analista de Recursos Humanos II,Oncoclínicas&Co,N/A,A combinar,2025-07-18
Analista de RH Jr,The Adecco Group,N/A,A combinar,2025-07-18
Analista de Telecom Jr - Pcd,Grupo Fleury,N/A,A combinar,2025-07-18
Analista de Facilities - Bilíngue,Cushman,N/A,A combinar,2025-07-18
Analista Segurança da Informação,NISSIN FOODS DO BRASIL LTDA.,N/A,A combinar,2025-07-18
Analista Garantia da Qualidade I,Vetnil,N/A,A combinar,2025-07-18
Analista de Processos e Qualidade II,Ânima,N/A,A combinar,2025-07-18
Analista de Recrutamento e Seleção,Confidencial,N/A,A combinar,2025-07-18
Analista Pleno de Planejamento de Manutenção,Mercado Livre (Randstad),N/A,A combinar,2025-07-18
Analista de Cd II - Campinas,Grupo Fleury,N/A,A combinar,2025-07-18
Analista de Marketing - Bellafemme,Confidencial,N/A,A combinar,2025-07-18
Analista de Planejamento de S&OE(Demanda),Selpe,N/A,A combinar,2025-07-18
Analista de Sistemas Ambientais e Modelagem,EnvironPact,N/A,A combinar,2025-07-18
Analista de Experiência do Cliente (Cx),Zubale,N/A,A combinar,2025-07-18
Analista Garantia Qualidade Pl - Fábrica,Marjan Farma,N/A,A combinar,2025-07-18
Analista de Planejamento de Canais Digitais III,Ânima,N/A,A combinar,2025-07-18
Analista de Recursos Humanos Júnior - Remuneração,UNIÃO QUÍMICA,N/A,A combinar,2025-07-18
Analista Financeiro Jr - Foco em Crédito,Galvani Fertilizantes,N/A,A combinar,2025-07-18
Analista de Logística - Agendamento/Tracking,Fiorde Group,N/A,A combinar,2025-07-18
Analista Bioinformata Pl (Genesis Genomics),Grupo Fleury,N/A,A combinar,2025-07-18
Analista Jr Backoffice Comercial,Elera Renováveis,N/A,A combinar,2025-07-18
Analista Sr- Controladoria - Corporativo RJ,Rede D'Or,N/A,A combinar,2025-07-18
Analista de Desenvolvimento Analítico Pleno | Compliance,JOBCENTER DO BRASIL LTDA,N/A,A combinar,2025-07-18
Analista de RH (Benefícios),Grupo Águas do Brasil,N/A,A combinar,2025-07-18
Analista de Marketing Pleno (Inteligência Comercial),HD Hyundai Construction Equipment Brazil,N/A,A combinar,2025-07-18
Analista Pl- Controladoria - Corporativo RJ,Rede D'Or,N/A,A combinar,2025-07-18
Analista Bioinformata Jr (Genesis Genomics),Grupo Fleury,N/A,A combinar,2025-07-18
Analista de RH (Generalista),AZ Consult,N/A,A combinar,2025-07-18
Analista de Relações com Investidores - Fidc,Reggiani Hunting,N/A,A combinar,2025-07-18
Analista de Qualidade em Pesquisa Clínica Sr,FFM,N/A,A combinar,2025-07-18
Analista de Planejamento Financeiro (FP&A) Sr.,Nexta Distribuidora,N/A,A combinar,2025-07-18
Analista de Negócios Sr - Tasy (Sistemas),Hospital São Camilo,N/A,A combinar,2025-07-18
Analista de Recebimento Fiscal | Financeiro,GWM,N/A,A combinar,2025-07-18
Analista Administrativo - Convênios Governamentais,HOSPITAL PEQUENO PRÍNCIPE,N/A,A combinar,2025-07-18
Pessoa Analista Suporte Operação I,Rio Mais Saneamento,N/A,A combinar,2025-07-18
Analista de Growth Mkt e Cro Sr.,Confidencial,N/A,A combinar,2025-07-18
Analista de Marketing Pleno (trade)- Divinópolis,Master Internet,N/A,A combinar,2025-07-18
Analista de Marketing Pleno (Digital) - Divinópolis,Master Internet,N/A,A combinar,2025-07-18
Analista de Comunicação Interna - Sênior (Temporária),Grupo Nortearh,N/A,A combinar,2025-07-18
Analista de Validação Sr - Processos e Limpeza,Confidencial,N/A,A combinar,2025-07-18
Pessoa Analista Planejamento Financeiro Sr.,Natulab,N/A,A combinar,2025-07-18
Vaga de Analista de Tecnologia da Informação,Confidencial,N/A,A combinar,2025-07-18
Analista Sênior de Planejamento e Controle Financeiro,Greenpeace Brasil,N/A,A combinar,2025-07-18
Analista Logistica Pl - Planejamento Materiais,LEGRAND BRASIL LTDA,N/A,A combinar,2025-07-18
Analista de Recursos Humanos - People Analytics,Hospital Vila da Serra,N/A,A combinar,2025-07-18
"Analista de Informações Gerenciais Pleno - Morumbi, SP",Confidencial,N/A,A combinar,2025-07-18
Analista Sênior de Custos de RH e Indicadores,Confidencial,N/A,A combinar,2025-07-18
Analista de Compliance I  - Foco em Canal de Denúncias,Confidencial,N/A,A combinar,2025-07-18
Analista de Rhc (Registro Hospitalar/Same),GRAACC,N/A,A combinar,2025-07-18
Analista Atuarial - CEMED - Volkswagen Anchieta,Rede D'Or,N/A,A combinar,2025-07-18
Analista de Laboratório - Nto - Laboratório Richet,Rede D'Or,N/A,A combinar,2025-07-18
Analista de Documentação Pleno - Temporário - Licença Maternidade,UNIÃO QUÍMICA,N/A,A combinar,2025-07-18
Analista de Recursos Humanos ( Consultoria Interna),Hospital Vila da Serra,N/A,A combinar,2025-07-18
Analista Pleno de Serviços Administrativos (Gestão de Frota),Hyundai Motor Brasil,N/A,A combinar,2025-07-18
Analista de Marketing Sr - Temporário - Jacarepaguá/RJ,Randstad Brasil,N/A,A combinar,2025-07-18
Analista de Controle de Qualidade - Pleno - Físico Químico,UNIÃO QUÍMICA,N/A,A combinar,2025-07-18
Analista de Melhoria Contínua (Genesis Genomics),Grupo Fleury,N/A,A combinar,2025-07-18
Analista Desenvolvedor de Sistemas Sr – Cobol (as/400 e Db2),Hyundai AutoEver Brasil,N/A,A combinar,2025-07-18
Analista Inspeção de Qualidade | Inspeção de Qualidade,GWM,N/A,A combinar,2025-07-18
Analista de Educação Corporativa e Desenvolvimento de Pessoas Pleno,Confidencial,N/A,A combinar,2025-07-18
Analista de Gestão e Operações de Fundos de Investimento Pleno,Ecoagro,N/A,A combinar,2025-07-18
Analista de Projetos - Engenheiro Civil Ou Mecânica,Confidencial,N/A,A combinar,2025-07-18
Analista de Marketing Pleno (Web Front End),Hotéis Deville,N/A,A combinar,2025-07-18
Analista Sr - Suprimentos Diretos (Inteligência) - Corporativo RJ,Rede D'Or,N/A,A combinar,2025-07-18
Analista de Planejamento Jr - Ghm Estratégico - Corporativo SP,Rede D'Or,N/A,A combinar,2025-07-18
Analista de Recursos Humanos - Foco em Treinamento & Desenvolvimento,RHMG - Consultoria e Assessoria em Recursos Humanos,N/A,A combinar,2025-07-18
Analista - Planejamento e Performance - Hospital São Rafael,Rede D'Or,N/A,A combinar,2025-07-18
Analista de RH Jr - RH - Guarulhos,Rede D'Or,N/A,A combinar,2025-07-18
Analista de Relacionamento e Parceria - Juiz de Fora/MG,Rede Cidadã,N/A,A combinar,2025-07-18
Analista de Laboratório - Laboratório Hospital - Anália Franco,Rede D'Or,N/A,A combinar,2025-07-18
"Analista de Suprimentos Sênior - Pinheiros, SP (Segmento Hospitalar)",Confidencial,N/A,A combinar,2025-07-18
Analista Sr de Comunicação Interna (Foco em Cultura Corporativa),Hyundai Motor Brasil,N/A,A combinar,2025-07-18
Analista Sr Marketing (Inteligência de Mercado) - Barra da Tijuca - RJ,White Martins,N/A,A combinar,2025-07-18
Analista Administrativo (Orçamento de Manutenção e Controle Financeiro de Projetos),TIVIT,N/A,A combinar,2025-07-18
Analista de RH (foco Adm. Pessoal e Benefícios),MAGNA Executive Search,N/A,A combinar,2025-07-18
Analista de Laboratório (Bioquímica Ou Imunologia e Hormônio) - Nto - Richet,Rede D'Or,N/A,A combinar,2025-07-18
Analista de Planejamento Sr - Controle de Operações / Controladoria - Corporativo RJ,Rede D'Or,N/A,A combinar,2025-07-18
Analista Suporte TI Sênior (  Field Service) - Inspirali SP,Inspirali,N/A,A combinar,2025-07-18
Analista de Processos (BPM & Ia) | Projeto Transformação Digital,Confidencial,N/A,A combinar,2025-07-18
Analista Ambiental Pleno / Sênior (VAGA Extensiva para Pessoas com Deficiência),Concremat,N/A,A combinar,2025-07-18
Analista de Qualidade Jr - Vaga Afirmativa para Pessoas com Deficiência,Natura,N/A,A combinar,2025-07-18
Analista de Monitoramento de Regras e Cadastro Pl – Regras e Cadastro - Corporativo RJ,Rede D'Or,N/A,A combinar,2025-07-18
Analista de Inteligência Comercial -  Vaga Exclusiva para Pessoas com Deficiência,GERDAU,N/A,A combinar,2025-07-18
Analista Pleno - Regras Comerciais & Cadastro – Monitoramento de Itens - Corporativo RJ,Rede D'Or,N/A,A combinar,2025-07-18
Analista de Contas Médicas - Faturamento - Oncologia D'Or Unid. Acreditar,Rede D'Or,N/A,A combinar,2025-07-18
Analista Contábil Sênior Bilíngue - Vaga Afirmativa Também para o Público Pcd - 95029,Manpower,N/A,A combinar,2025-07-18
Analista Sr de Processos e Projetos - Controladoria - Gestão de Processos de Negócio - Corporativo RJ,Rede D'Or,N/A,A combinar,2025-07-18
Analista de TI - Segurança Cibernética ((VAGA Extensiva para Pessoas com Deficiência),Confidencial,N/A,A combinar,2025-07-18
Analista Pl - Plataforma Tasy TI - São Luiz São Caetano do Sul,Rede D'Or,N/A,A combinar,2025-07-18
Analista de Relacionamento e Parcerias | Suporte Estratégico Às Operações de Vendas e Pós-Vendas Administrativo,Rede Cidadã,N/A,A combinar,2025-07-18
Auxiliar de Recursos Humanos I,Confidencial,N/A,A combinar,2025-07-18
Estagio em Garantia de Qualidade,Axalta Coating Systems,N/A,A combinar,2025-07-18
Coordenador de Treinamento e Desenvolvimento - (Vaga Elegível para Pcd),SuperVia,N/A,A combinar,2025-07-18
Estagiário(a) de Projetos e Negócios,EZTECH TECNOLOGIA E AUTOMAÇÃO LTDA,N/A,A combinar,2025-07-18
Assistente de Recrutamento e Seleção,Grupo VPA,N/A,A combinar,2025-07-18
Engenheiro(a) de Manutenção e Confiabilidade Sr. - São Paulo / SP,InterCement Brasil S.A,N/A,A combinar,2025-07-18
